country,years,songs,artists,places,points,qualification
Andorra,2009,La Teva Decisió (Get A Life),Susanne Georgi,Didn't qualify,,#15 in semi-final 1
Andorra,2008,Casanova,Gisela,Didn't qualify,,#16 in semi-final 1
Andorra,2007,Salvem El Món,Anonymous,Didn't qualify,,#12 in semi-final
Andorra,2006,Sense Tu,Jennifer,Didn't qualify,,#23 in semi-final
Andorra,2005,La Mirada Interior,Marian van de Wal,Didn't qualify,,#23 in semi-final
Andorra,2004,Jugarem A Estimar-nos,Marta Roure,Didn't qualify,,#18 in semi-final
Australia,2023,–,,–,–,semi-final
Australia,2022,Not the Same,Sheldon Riley,15,125,#2 in semi-final 2
Australia,2021,Technicolour,Montaigne,Didn't qualify,,#14 in semi-final 1
Australia,2020,Don't Break Me,Montaigne,,,cancelled
Australia,2019,Zero Gravity,Kate Miller-Heidke,9,284,#1 in semi-final 1
Australia,2018,We Got Love,Jessica Mauboy,20,99,#4 in semi-final 2
Australia,2017,Don't Come Easy,Isaiah,9,173,#6 in semi-final 1
Australia,2016,Sound of Silence,Dami Im,2,511,#1 in semi-final 2
Australia,2015,Tonight Again,Guy Sebastian,5,196,Special guest
Azerbaijan,2023,–,,–,–,semi-final
Azerbaijan,2022,Fade To Black,Nadir Rustamli,16,106,#10 in semi-final 2
Azerbaijan,2021,Mata Hari,Efendi,20,65,#8 in semi-final 1
Azerbaijan,2020,Cleopatra,Efendi,,,cancelled
Azerbaijan,2019,Truth,Chingiz,8,302,#5 in semi-final 2
Azerbaijan,2018,X My Heart,Aisel,Didn't qualify,,#11 in semi-final 1
Azerbaijan,2017,Skeletons,Dihaj,14,120,#8 in semi-final 1
Azerbaijan,2016,Miracle,Samra,17,117,#6 in semi-final 1
Azerbaijan,2015,Hour Of The Wolf,Elnur Hüseynov,12,49,#10 in semi-final 2
Azerbaijan,2014,Start A Fire,Dilara Kazimova,22,33,#9 in semi-final 1
Azerbaijan,2013,Hold Me,Farid Mammadov,2,234,#1 in semi-final 2
Azerbaijan,2012,When The Music Dies,Sabina Babayeva,4,150,winner 2011
Azerbaijan,2011,Running Scared,Ell/Nikki,#1,221,#2 in semi-final 1
Azerbaijan,2010,Drip Drop,Safura,5,145,#2 in semi-final 2
Azerbaijan,2009,Always,AySel & Arash,3,207,#2 in semi-final 2
Azerbaijan,2008,Day After Day,Elnur & Samir,8,132,#6 in semi-final 1
Armenia,2023,–,,–,–,semi-final
Armenia,2022,Snap,Rosa Linn,20,61,#5 in semi-final 1
Armenia,2020,Chains On You,Athena Manoukian,,,cancelled
Armenia,2019,Walking Out,Srbuk,Didn't qualify,,#16 in semi-final 2
Armenia,2018,Qami,Sevak Khanagyan,Didn't qualify,,#15 in semi-final 1
Armenia,2017,Fly With Me,Artsvik,18,79,#7 in semi-final 1
Armenia,2016,LoveWave,Iveta Mukuchyan,7,249,#2 in semi-final 1
Armenia,2015,Face The Shadow,Genealogy,16,34,#7 in semi-final 1
Armenia,2014,Not Alone,Aram MP3,4,174,#4 in semi-final 1
Armenia,2013,Lonely Planet,Dorians,18,41,#7 in semi-final 2
Armenia,2011,Boom Boom,Emmy,Didn't qualify,,#12 in semi-final 1
Armenia,2010,Apricot Stone,Eva Rivas,7,141,#6 in semi-final 2
Armenia,2009,Jan Jan,Inga & Anush,10,92,#5 in semi-final 1
Armenia,2008,"Qele, Qele",Sirusho,4,199,#2 in semi-final 1
Armenia,2007,Anytime You Need,Hayko,8,138,Top-10 2006
Armenia,2006,Without Your Love,André,8,129,#6 in semi-final
Albania,2023,–,,–,–,semi-final
Albania,2022,Sekret,Ronela Hajati,Didn't qualify,,#12 in semi-final 1
Albania,2021,Karma,Anxhela Peristeri,21,57,#10 in semi-final 2
Albania,2020,Fall From The Sky,Arilena Ara,,,cancelled
Albania,2019,Ktheju Tokës,Jonida Maliqi,17,90,#9 in semi-final 2
Albania,2018,Mall,Eugent Bushpepa,11,184,#8 in semi-final 1
Albania,2017,World,Lindita,Didn't qualify,,#14 in semi-final 1
Albania,2016,Fairytale,Eneda Tarifa,Didn't qualify,,#16 in semi-final 2
Albania,2015,I'm Alive,Elhaida Dani,17,34,#10 in semi-final 1
Albania,2014,One Night's Anger,Hersi,Didn't qualify,,#15 in semi-final 1
Albania,2013,Identitet,Adrian Lulgjuraj & Bledar Sejko,Didn't qualify,,#15 in semi-final 2
Albania,2012,Suus,Rona Nishliu,5,146,#2 in semi-final 1
Albania,2011,Feel The Passion,Aurela Gaçe,Didn't qualify,,#14 in semi-final 1
Albania,2010,It's All About You,Juliana Pasha,16,62,#6 in semi-final 1
Albania,2009,Carry Me In Your Dreams,Kejsi Tola,17,48,#7 in semi-final 2
Albania,2008,Zemrën E Lamë Peng,Olta Boka,17,55,#9 in semi-final 2
Albania,2007,Hear My Plea,Aida & Frederik Ndoci,Didn't qualify,,#17 in semi-final
Albania,2006,Zjarr E Ftohtë,Luiz Ejlli,Didn't qualify,,#14 in semi-final
Albania,2005,Tomorrow I Go,Ledina Celo,16,53,Top-10 2004
Albania,2004,The Image Of You,Anjeza Shahini,7,106,#4 in semi-final
Belarus,2020,Da vidna,VAL,,,cancelled
Belarus,2019,Like It,Zena,24,31,#10 in semi-final 1
Belarus,2018,Forever,Alekseev,Didn't qualify,,#16 in semi-final 1
Belarus,2017,Historyja majho žyccia,Naviband,17,83,#9 in semi-final 2
Belarus,2016,Help You Fly,Ivan,Didn't qualify,,#12 in semi-final 2
Belarus,2015,Time,Uzari & Maimuna,Didn't qualify,,#12 in semi-final 1
Belarus,2014,Cheesecake,Teo,16,43,#5 in semi-final 2
Belarus,2013,Solayoh,Alyona Lanskaya,16,48,#7 in semi-final 1
Belarus,2012,We Are The Heroes,Litesound,Didn't qualify,,#16 in semi-final 2
Belarus,2011,I Love Belarus,Anastasiya Vinnikova,Didn't qualify,,#14 in semi-final 2
Belarus,2010,Butterflies,3+2,24,18,#9 in semi-final 1
Belarus,2009,Eyes That Never Lie,Petr Elfimov,Didn't qualify,,#13 in semi-final 1
Belarus,2008,Hasta La Vista,Ruslan Alehno,Didn't qualify,,#17 in semi-final 2
Belarus,2007,Work Your Magic,Dmitry Koldun,6,145,#4 in semi-final
Belarus,2006,Mum,Polina Smolova,Didn't qualify,,#22 in semi-final
Belarus,2005,Love Me Tonight,Angelica Agurbash,Didn't qualify,,#13 in semi-final
Belarus,2004,My Galileo,Aleksandra & Konstantin,Didn't qualify,,#19 in semi-final
Austria,2023,–,,–,–,semi-final
Austria,2022,Halo,LUM!X & Pia Maria,Didn't qualify,,#15 in semi-final 1
Austria,2021,Amen,Vincent Bueno,Didn't qualify,,#12 in semi-final 2
Austria,2020,Alive,Vincent Bueno,,,cancelled
Austria,2019,Limits,Pænda,Didn't qualify,,#17 in semi-final 2
Austria,2018,Nobody But You,Cesár Sampson,3,342,#4 in semi-final 1
Austria,2017,Running On Air,Nathan Trent,16,93,#7 in semi-final 2
Austria,2016,Loin d'ici,Zoë,13,151,#7 in semi-final 1
Austria,2015,I Am Yours,The Makemakes,26,0,winner 2014
Austria,2014,Rise Like a Phoenix,Conchita Wurst,#1,290,#1 in semi-final 2
Austria,2013,Shine,Natália Kelly,Didn't qualify,,#14 in semi-final 1
Austria,2012,Woki Mit Deim Popo,Trackshittaz,Didn't qualify,,#18 in semi-final 1
Austria,2011,The Secret Is Love,Nadine Beiler,18,64,#7 in semi-final 2
Austria,2007,Get A Life - Get Alive,Eric Papilaya,Didn't qualify,,#27 in semi-final
Austria,2005,Y Así,Global.Kryner,Didn't qualify,,#21 in semi-final
Austria,2004,Du Bist,Tie Break,21,9,Top-10 2003
Austria,2003,Weil Der Mensch Zählt,Alf Poier,6,101,
Austria,2002,Say A Word,Manuel Ortega,18,26,
Austria,2000,All To You,The rounder girls,14,34,
Austria,1999,Reflection,Bobbie Singer,10,65,
Austria,1997,One Step,Bettina Soriat,21,12,
Austria,1996,Weil's Dr Guat Got,George Nußbaumer,10,68,#6 in qualification
Austria,1995,Die Welt Dreht Sich Verkehrt,Stella Jones,13,67,
Austria,1994,Für Den Frieden Der Welt,Petra Frey,17,19,
Austria,1993,Maria Magdalena,Tony Wegas,14,32,
Austria,1992,Zusammen Geh'n,Tony Wegas,10,63,
Austria,1991,Venedig Im Regen,Thomas Forstner,22,0,
Austria,1990,Keine Mauern Mehr,Simone,10,58,
Austria,1989,Nur Ein Lied,Thomas Forstner,5,97,
Austria,1988,Lisa Mona Lisa,Wilfried,21,0,
Austria,1987,Nur Noch Gefühl,Gary Lux,20,8,
Austria,1986,Die Zeit Ist Einsam,Timna Brauer,18,12,
Austria,1985,Kinder Dieser Welt,Gary Lux,8,60,
Austria,1984,Einfach Weg,Anita,19,5,
Austria,1983,Hurricane,Westend,9,53,
Austria,1982,Sonntag,Mess,9,57,
Austria,1981,Wenn Du Da Bist,Marty Brem,17,20,
Austria,1980,Du Bist Musik,Blue Danube,8,64,
Austria,1979,Heute In Jerusalem,Christina Simon,18,5,
Austria,1978,Mrs. Caroline Robinson,Springtime,15,14,
Austria,1977,Boom Boom Boomerang,Schmetterlinge,17,11,
Austria,1976,My Little World,Waterloo & Robinson,5,80,
Austria,1972,Falter Im Wind,The Milestones,5,100,
Austria,1971,Musik,Marianne Mendt,16,66,
Austria,1968,Tausend Fenster,Karel Gott,13,2,
Austria,1967,Warum Es Hunderttausend Sterne Gibt,Peter Horten,14,2,
Austria,1966,Merci Chérie,Udo Jürgens,#1,31,
Austria,1965,"Sag Ihr, Ich Lass' Sie Grüßen",Udo Jürgens,4,16,
Austria,1964,"Warum Nur, Warum?",Udo Jürgens,6,11,
Austria,1963,Vielleicht Geschieht Ein Wunder,Carmela Corren,7,16,
Austria,1962,Nur In Der Wiener Luft,Eleonore Schwarz,13,0,
Austria,1961,Sehnsucht,Jimmy Makulis,15,1,
Austria,1960,Du Hast Mich So Fasziniert,Harry Winter,7,6,
Austria,1959,Der K. Und K. Kalypso Aus Wien,Ferry Graf,9,4,
Austria,1958,Die Ganze Welt Braucht Liebe,Liane Augustin,5,8,
Austria,1957,"Wohin, Kleines Pony",Bob Martin,10,3,
Belgium,2023,–,,–,–,semi-final
Belgium,2022,Miss You,Jérémie Makiese,19,64,#8 in semi-final 2
Belgium,2021,The Wrong Place,Hooverphonic,19,74,#9 in semi-final 1
Belgium,2020,Release Me,Hooverphonic,,,cancelled
Belgium,2019,Wake Up,Eliot,Didn't qualify,,#13 in semi-final 1
Belgium,2018,A Matter of Time,Sennek,Didn't qualify,,#12 in semi-final 1
Belgium,2017,City Lights,Blanche,4,363,#4 in semi-final 1
Belgium,2016,What's the Pressure,Laura Tesoro,10,181,#3 in semi-final 2
Belgium,2015,Rhythm Inside,Loïc Nottet,4,217,#2 in semi-final 1
Belgium,2014,Mother,Axel Hirsoux,Didn't qualify,,#14 in semi-final 1
Belgium,2013,Love Kills,Roberto Bellarosa,12,71,#5 in semi-final 1
Belgium,2012,Would You?,Iris,Didn't qualify,,#17 in semi-final 1
Belgium,2011,With Love Baby,Witloof Bay,Didn't qualify,,#11 in semi-final 2
Belgium,2010,Me And My Guitar,Tom Dice,6,143,#1 in semi-final 1
Belgium,2009,Copycat,Copycat,Didn't qualify,,#17 in semi-final 1
Belgium,2008,O Julissi,Ishtar,Didn't qualify,,#17 in semi-final 1
Belgium,2007,Love Power,The KMG's,Didn't qualify,,#26 in semi-final
Belgium,2006,Je t'adore,Kate Ryan,Didn't qualify,,#12 in semi-final
Belgium,2005,Le Grand Soir,Nuno Resende,Didn't qualify,,#22 in semi-final
Belgium,2004,1 Life,Xandee,22,7,Top-10 2003
Belgium,2003,Sanomi,Urban Trad,2,165,
Belgium,2002,Sister,Sergio & the Ladies,13,33,
Belgium,2000,Envie De Vivre,Nathalie Sorce,24,2,
Belgium,1999,Like The Wind,Venessa Chinitor,12,38,
Belgium,1998,Dis Oui,Mélanie Cohl,6,122,
Belgium,1996,Liefde Is Een Kaartspel,Lisa del Bo,16,22,#12 in qualification
Belgium,1995,La Voix Est Libre,Frédéric Etherlinck,20,8,
Belgium,1993,Iemand Als Jij,Barbara Dex,25,3,
Belgium,1992,Nous On Veut Des Violons,Morgane,20,11,
Belgium,1991,Geef Het Op,Clouseau,16,23,
Belgium,1990,Macédomienne,Philippe Lafontaine,12,46,
Belgium,1989,Door De Wind,Ingeborg,19,13,
Belgium,1988,Laissez Briller Le Soleil,Reynaert,18,5,
Belgium,1987,Soldiers Of Love,Liliane Saint-Pierre,11,56,
Belgium,1986,J'aime La Vie,Sandra Kim,#1,176,
Belgium,1985,Laat Me Nu Gaan,Linda Lepomme,19,7,
Belgium,1984,Avanti La Vie,Jacques Zegers,5,70,
Belgium,1983,Rendez-vous,Pas de Deux,18,13,
Belgium,1982,Si Tu Aimes Ma Musique,Stella,4,96,
Belgium,1981,Samson,Emly Starr,13,40,
Belgium,1980,Euro-vision,Telex,17,14,
Belgium,1979,Hey Nana,Micha Marah,18,5,
Belgium,1978,L'amour ça Fait Chanter La Vie,Jean Vallée,2,125,
Belgium,1977,"A Million In One, Two, Three",Dream Express,7,69,
Belgium,1976,Judy Et Cie.,Pierre Rapsat,8,68,
Belgium,1975,Gelukkig Zijn,Ann Christy,15,17,
Belgium,1974,Fleur De Liberté,Jacques Hustin,9,10,
Belgium,1973,"Baby, Baby",Nicole and Hugo,17,58,
Belgium,1972,À La Folie Ou Pas Du Tout,Serge and Christine Ghisoland,17,55,
Belgium,1971,"Goeie Morgen, Morgen",Lily Castel and Jacques Raymond,14,68,
Belgium,1970,Viens L'oublier,Jean Vallée,8,5,
Belgium,1969,Jennifer Jennings,Louis Neefs,7,10,
Belgium,1968,Quand Tu Reviendras,Claude Lombard,7,8,
Belgium,1967,Ik Heb Zorgen,Louis Neefs,7,8,
Belgium,1966,"Un Peu De Poivre, Un Peu De Sel",Tonia,4,14,
Belgium,1965,Als Het Weer Lente Is,Lize Marke,15,0,
Belgium,1964,Près De Ma Rivière,Robert Cogoi,10,2,
Belgium,1963,Waarom,Jacques Raymond,10,4,
Belgium,1962,Ton Nom,Fud Leclerc,13,0,
Belgium,1961,"September, Gouden Roos",Bob Benny,15,1,
Belgium,1960,Mon Amour Pour Toi,Fud Leclerc,6,9,
Belgium,1959,Hou Toch Van Mij,Bob Benny,6,9,
Belgium,1958,Ma Petite Chatte,Fud Leclerc,5,8,
Belgium,1957,Straatdeuntje,Bobbejaan Schoepen,8,5,
Belgium,1956,Messieurs Les Noyés De La Seine,Fud Leclerc,2,–,
Belgium,1956,Le Plus Beau Jour De Ma Vie,Mony Marc,2,–,
Bulgaria,2022,Intention,Intelligent Music Project,Didn't qualify,,#16 in semi-final 1
Bulgaria,2021,Growing Up Is Getting Old,Victoria,11,170,#3 in semi-final 2
Bulgaria,2020,Tears Getting Sober,Victoria,,,cancelled
Bulgaria,2018,Bones,Equinox,14,166,#7 in semi-final 1
Bulgaria,2017,Beautiful Mess,Kristian Kostov,2,615,#1 in semi-final 2
Bulgaria,2016,If Love Was a Crime,Poli Genova,4,307,#5 in semi-final 2
Bulgaria,2013,Samo Shampioni,Elitsa Todorova & Stoyan Yankulov,Didn't qualify,,#12 in semi-final 2
Bulgaria,2012,Love Unlimited,Sofi Marinova,Didn't qualify,,#11 in semi-final 2
Bulgaria,2011,Na Inat,Poli Genova,Didn't qualify,,#12 in semi-final 2
Bulgaria,2010,Angel Si Ti,Miro,Didn't qualify,,#15 in semi-final 2
Bulgaria,2009,Illusion,Krassimir Avramov,Didn't qualify,,#16 in semi-final 1
Bulgaria,2008,"DJ, Take Me Away",Deep Zone & Balthazar,Didn't qualify,,#11 in semi-final 2
Bulgaria,2007,Water,Elitsa Todorova & Stoyan Yankulov,5,157,#6 in semi-final
Bulgaria,2006,Let Me Cry,Mariana Popova,Didn't qualify,,#17 in semi-final
Bulgaria,2005,Lorraine,Kaffe,Didn't qualify,,#19 in semi-final
Bosnia & Herzegovina,2016,Ljubav Je,Dalal & Deen feat. Ana Rucner & Jala,Didn't qualify,,#11 in semi-final 1
Bosnia & Herzegovina,2012,Korake Ti Znam,Maya Sar,18,55,#6 in semi-final 2
Bosnia & Herzegovina,2011,Love In Rewind,Dino Merlin,6,125,#5 in semi-final 2
Bosnia & Herzegovina,2010,Thunder and Lightning,Vukašin Brajić,17,51,#8 in semi-final 1
Bosnia & Herzegovina,2009,Bistra Voda,Regina,9,106,#3 in semi-final 1
Bosnia & Herzegovina,2008,Pokušaj,Laka,10,110,#9 in semi-final 1
Bosnia & Herzegovina,2007,Rijeka Bez Imena,Marija Sestic,11,106,Top-10 2006
Bosnia & Herzegovina,2006,Lejla,Hari Mata Hari,3,229,#2 in semi-final
Bosnia & Herzegovina,2005,Call Me,Feminnem,14,79,Top-10 2004
Bosnia & Herzegovina,2004,In The Disco,Deen,9,91,#7 in semi-final
Bosnia & Herzegovina,2003,Ne Brini,Mija Martina,16,27,
Bosnia & Herzegovina,2002,Na Jastuku Za Dvoje,Maja,13,33,
Bosnia & Herzegovina,2001,Hano,Nino,14,29,
Bosnia & Herzegovina,1999,Putnici,Dino & Beatrice,7,86,
Bosnia & Herzegovina,1997,Goodbye,Alma Cardzic,18,22,
Bosnia & Herzegovina,1996,Za Našu Ljubav,Amila Glamocak,22,13,#21 in qualification
Bosnia & Herzegovina,1995,Dvadeset I Prvi Vijek,Davor Popovic,19,14,
Bosnia & Herzegovina,1994,Ostani Kraj Mene,Alma & Dejan,15,39,
Bosnia & Herzegovina,1993,Sva Bol Svijeta,Fazla,16,27,#2 in qualification
Czech Republic,2023,–,,–,–,semi-final
Czech Republic,2022,Lights Off,We Are Domi,22,38,#4 in semi-final 2
Czech Republic,2021,Omaga,Benny Cristo,Didn't qualify,,#15 in semi-final 2
Czech Republic,2020,Kemama,Benny Cristo,,,cancelled
Czech Republic,2019,Friend of a Friend,Lake Malawi,11,157,#2 in semi-final 1
Czech Republic,2018,Lie To Me,Mikolas Josef,6,281,#3 in semi-final 1
Czech Republic,2017,My Turn,Martina Bárta,Didn't qualify,,#13 in semi-final 1
Czech Republic,2016,I Stand,Gabriela Gunčíková,25,41,#9 in semi-final 1
Czech Republic,2015,Hope Never Dies,Marta Jandová & Václav Noid Bárta,Didn't qualify,,#13 in semi-final 2
Czech Republic,2009,Aven Romale,Gipsy.cz,Didn't qualify,,#18 in semi-final 1
Czech Republic,2008,Have Some Fun,Tereza Kerndlová,Didn't qualify,,#18 in semi-final 2
Czech Republic,2007,Malá Dáma,Kabát,Didn't qualify,,#28 in semi-final
Croatia,2023,–,,–,–,semi-final
Croatia,2022,Guilty Pleasure,Mia Dimšić,Didn't qualify,,#11 in semi-final 1
Croatia,2021,Tick-Tock,Albina,Didn't qualify,,#11 in semi-final 1
Croatia,2020,Divlji vjetre,Damir Kedžo,,,cancelled
Croatia,2019,The Dream,Roko,Didn't qualify,,#14 in semi-final 2
Croatia,2018,Crazy,Franka,Didn't qualify,,#17 in semi-final 1
Croatia,2017,My Friend,Jacques Houdek,13,128,#8 in semi-final 2
Croatia,2016,Lighthouse,Nina Kraljić,23,73,#10 in semi-final 1
Croatia,2013,Mižerja,Klapa s mora,Didn't qualify,,#13 in semi-final 1
Croatia,2012,Nebo,Nina Badrić,Didn't qualify,,#12 in semi-final 2
Croatia,2011,Celebrate,Daria,Didn't qualify,,#15 in semi-final 1
Croatia,2010,Lako Je Sve,Feminnem,Didn't qualify,,#13 in semi-final 2
Croatia,2009,Lijepa Tena,Igor Cukrov feat. Andrea,18,45,#13 in semi-final 2
Croatia,2008,Romanca,Kraljevi Ulice & 75 Cents,21,44,#4 in semi-final 2
Croatia,2007,Vjerujem U Ljubav,Dragonfly feat. Dado Topic,Didn't qualify,,#16 in semi-final
Croatia,2006,Moja štikla,Severina,12,56,Top-10 2005
Croatia,2005,Vukovi Umiru Sami,Boris Novkovic feat. Lado members,11,115,#4 in semi-final
Croatia,2004,You Are The Only One,Ivan Mikulic,12,50,#9 in semi-final
Croatia,2003,Više nisam tvoja,Claudia Beni,15,29,
Croatia,2002,Everything I Want,Vesna Pisarovic,11,44,
Croatia,2001,Strings Of My Heart,Vanna,10,42,
Croatia,2000,Kada Zaspu Andeli,Goran Karan,9,70,
Croatia,1999,Marija Magdalena,Doris Dragović,4,118,
Croatia,1998,Neka Mi Ne Svane,Danijela,5,131,
Croatia,1997,Probudi Me,ENI,17,24,
Croatia,1996,Sveta Ljubav,Maja Blagdan,4,98,#19 in qualification
Croatia,1995,Nostalgija,Magazin & Lidija,6,91,
Croatia,1994,Nek'ti Bude Ljubav Sva,Tony Cetinski,16,27,
Croatia,1993,Don't Ever Cry,Put,15,31,#3 in qualification
Cyprus,2023,–,Andrew Lambrou,–,–,semi-final
Cyprus,2022,Ela,Andromache,Didn't qualify,,#12 in semi-final 2
Cyprus,2021,El Diablo,Elena Tsagrinou,16,94,#6 in semi-final 1
Cyprus,2020,Running,Sandro,,,cancelled
Cyprus,2019,Replay,Tamta,13,109,#9 in semi-final 1
Cyprus,2018,Fuego,Eleni Foureira,2,436,#2 in semi-final 1
Cyprus,2017,Gravity,Hovig,21,68,#5 in semi-final 1
Cyprus,2016,Alter Ego,Minus One,21,96,#8 in semi-final 1
Cyprus,2015,One Thing I Should Have Done,John Karayiannis,22,11,#6 in semi-final 2
Cyprus,2013,An Me Thimasai,Despina Olympiou,Didn't qualify,,#15 in semi-final 1
Cyprus,2012,La La Love,Ivi Adamou,16,65,#7 in semi-final 1
Cyprus,2011,San Aggelos S'agapisa,Christos Mylordos,Didn't qualify,,#18 in semi-final 2
Cyprus,2010,Life Looks Better In Spring,Jon Lilygreen & The Islanders,21,27,#10 in semi-final 2
Cyprus,2009,Firefly,Christina Metaxa,Didn't qualify,,#14 in semi-final 2
Cyprus,2008,Femme Fatale,Evdokia Kadi,Didn't qualify,,#15 in semi-final 2
Cyprus,2007,"Comme Ci, Comme ça",Evridiki,Didn't qualify,,#15 in semi-final
Cyprus,2006,Why Angels Cry,Annet Artani,Didn't qualify,,#15 in semi-final
Cyprus,2005,Ela Ela,Constantinos Christoforou,18,46,Top-10 2004
Cyprus,2004,Stronger Every Minute,Lisa Andreas,5,170,#5 in semi-final
Cyprus,2003,Feeling Alive,Stelios Constantas,20,15,
Cyprus,2002,Gimme,One,6,85,
Cyprus,2000,Nomiza,Voice,21,8,
Cyprus,1999,Tha'nai Erotas,Marlain Angelidou,22,2,
Cyprus,1998,Genesis,Michael Hajiyanni,11,37,
Cyprus,1997,Mana Mou,Chara and Andreas Konstantinou,5,98,
Cyprus,1996,Mono Gia Mas,Constantinos,9,72,#15 in qualification
Cyprus,1995,Sti Fotia,Alexandros Panayi,9,79,
Cyprus,1994,Ime Anthropos Ke Ego,Evridiki,11,51,
Cyprus,1993,Mi Stamatas,Kyriakos Zymboulakis & Demos Van Beke,19,17,
Cyprus,1992,Teriazoume,Evridiki,11,57,
Cyprus,1991,S.O.S.,Elena Patroclou,9,60,
Cyprus,1990,Milas Poli,Haris Anastasiou,14,36,
Cyprus,1989,Apopse As Vrethoume,Fanny Polymeri and Yiannis Savvidakis,11,51,
Cyprus,1987,Aspro Mavro,Alexia,7,80,
Cyprus,1986,Tora Zo,Elpida,20,4,
Cyprus,1985,To Katalava Arga,Lia Vishy,16,15,
Cyprus,1984,Anna Maria Lena,Andy Paul,15,31,
Cyprus,1983,I Agapi Akoma Zi,Stavros and Constantina,16,26,
Cyprus,1982,Mono I Agapi,Anna Vissi,5,85,
Cyprus,1981,Monika,Island,6,69,
Denmark,2023,–,,–,–,semi-final
Denmark,2022,The Show,Reddi,Didn't qualify,,#13 in semi-final 1
Denmark,2021,Øve os på hinanden,Fyr og Flamme,Didn't qualify,,#11 in semi-final 2
Denmark,2020,Yes,Ben & Tan,,,cancelled
Denmark,2019,Love Is Forever,Leonora,12,120,#10 in semi-final 2
Denmark,2018,Higher Ground,Rasmussen,9,226,#5 in semi-final 2
Denmark,2017,Where I Am,Anja,20,77,#10 in semi-final 2
Denmark,2016,Soldiers of Love,Lighthouse X,Didn't qualify,,#17 in semi-final 2
Denmark,2015,The Way You Are,Anti Social Media,Didn't qualify,,#13 in semi-final 1
Denmark,2014,Cliche Love Song,Basim,9,74,winner 2013
Denmark,2013,Only Teardrops,Emmelie de Forest,#1,281,#1 in semi-final 1
Denmark,2012,Should've Known Better,Soluna Samay,23,21,#9 in semi-final 1
Denmark,2011,New Tomorrow,A Friend In London,5,134,#2 in semi-final 2
Denmark,2010,In A Moment Like This,Chanée & N'evergreen,4,149,#5 in semi-final 2
Denmark,2009,Believe Again,Brinck,13,74,#8 in semi-final 2
Denmark,2008,All Night Long,Simon Mathew,15,60,#3 in semi-final 2
Denmark,2007,Drama Queen,DQ,Didn't qualify,,#19 in semi-final
Denmark,2006,Twist Of Love,Sidsel Ben Semmane,18,26,Top-10 2005
Denmark,2005,Talking To You,Jakob Sveistrup,9,125,#3 in semi-final
Denmark,2004,Shame On You,Tomas Thordarson,Didn't qualify,,#13 in semi-final
Denmark,2002,Tell Me Who You Are,Malene,24,7,
Denmark,2001,Never Ever Let You Go,Rollo & King,2,177,
Denmark,2000,Fly On The Wings Of Love,Olsen Brothers,#1,195,
Denmark,1999,This Time (I Mean It),Trine Jepsen & Michael Teschl,8,71,
Denmark,1997,Stemmen I Mit Liv,Kølig Kaj,16,25,
Denmark,1996,Kun med dig,Dorthe Andersen & Martin Loft,Didn't qualify,,#25 in qualification
Denmark,1995,Fra Mols Til Skagen,Aud Wilken,5,92,
Denmark,1993,Under Stjernerne På Himlen,Tommy Seebach Band,22,9,
Denmark,1992,Alt Det Som Ingen Ser,Kenny & Lotte,12,47,
Denmark,1991,Lige Der Hvor Hjertet Slår,Anders Frandsen,19,8,
Denmark,1990,Hallo Hallo,Lonnie Devantier,8,64,
Denmark,1989,Vi Maler Byen Rød,Birthe Kjær,3,111,
Denmark,1988,Ka' Du Se Hva' Jeg Sa',Kirsten & Søren,3,92,
Denmark,1987,En Lille Melodi,Anne-Cathrine Herdorf,5,83,
Denmark,1986,Du Er Fuld Af Løgn,Lise Haavik & Trax,6,77,
Denmark,1985,Sku' du spørg' fra no'en,Hot Eyes,11,41,
Denmark,1984,Det' Lige Det,Hot Eyes,4,101,
Denmark,1983,Kloden Drejer,Gry Johansen,17,16,
Denmark,1982,Video-video,Brixx,17,5,
Denmark,1981,Krøller Eller Ej,Debbie Cameron & Tommy Seebach,11,41,
Denmark,1980,Tænker Altid På Dig,Bamses Venner,14,25,
Denmark,1979,Disco Tango,Tommy Seebach,6,76,
Denmark,1978,Boom Boom,Mabel,16,13,
Denmark,1966,Stop mens legen er go',Ulla Pia,14,4,
Denmark,1965,For Din Skyld,Birgit Brüel,7,10,
Denmark,1964,Sangen Om Dig,Bjørn Tidmand,9,4,
Denmark,1963,Dansevise,Grethe & Jørgen Ingmann,#1,42,
Denmark,1962,Vuggevise,Ellen Winther,10,2,
Denmark,1961,Angelique,Dario Campeotto,5,12,
Denmark,1960,Det Var En Yndig Tid,Katy Bødtger,10,4,
Denmark,1959,"Uh, Jeg Ville Ønske Jeg Var Dig",Birthe Wilke,5,12,
Denmark,1958,Jeg Rev Et Blad Ud Af Min Dagbog,Raquel Rastenni,8,3,
Denmark,1957,Skibet Skal Sejle I Nat,Birthe Wilke & Gustav Winckler,3,10,
Estonia,2023,–,,–,–,semi-final
Estonia,2022,Hope,Stefan,13,141,#5 in semi-final 2
Estonia,2021,The Lucky One,Uku Suviste,Didn't qualify,,#13 in semi-final 2
Estonia,2020,What Love Is,Uku Suviste,,,cancelled
Estonia,2019,Storm,Victor Crone,20,76,#4 in semi-final 1
Estonia,2018,La Forza,Elina Nechayeva,8,245,#5 in semi-final 1
Estonia,2017,Verona,Koit Toome & Laura,Didn't qualify,,#14 in semi-final 2
Estonia,2016,Play,Jüri Pootsmann,Didn't qualify,,#18 in semi-final 1
Estonia,2015,Goodbye to Yesterday,Elina Born & Stig Rästa,7,106,#3 in semi-final 1
Estonia,2014,Amazing,Tanja,Didn't qualify,,#12 in semi-final 1
Estonia,2013,Et Uus Saaks Alguse,Birgit,20,19,#10 in semi-final 1
Estonia,2012,Kuula,Ott Lepland,6,120,#4 in semi-final 2
Estonia,2011,Rockefeller Street,Getter Jaani,24,44,#9 in semi-final 2
Estonia,2010,Siren,Malcolm Lincoln,Didn't qualify,,#14 in semi-final 1
Estonia,2009,Rändajad,Urban Symphony,6,129,#3 in semi-final 2
Estonia,2008,Leto Svet,Kreisiraadio,Didn't qualify,,#18 in semi-final 1
Estonia,2007,Partners In Crime,Gerli Padar,Didn't qualify,,#22 in semi-final
Estonia,2006,Through My Window,Sandra,Didn't qualify,,#18 in semi-final
Estonia,2005,Let's Get Loud,Suntribe,Didn't qualify,,#20 in semi-final
Estonia,2004,Tii,Neiokõsõ,Didn't qualify,,#11 in semi-final
Estonia,2003,Eighties Coming Back,Ruffus,21,14,
Estonia,2002,Runaway,Sahléne,3,111,
Estonia,2001,Everybody,"Tanel Padar, Dave Benton & 2XL",#1,198,
Estonia,2000,Once In A Lifetime,Ines,4,98,
Estonia,1999,Diamond Of Night,Evelin Samuel & Camille,6,90,
Estonia,1998,Mere Lapsed,Koit Toome,12,36,
Estonia,1997,Keelatud Maa,Maarja-Liis Ilus,8,82,
Estonia,1996,Kaelakee Hääl,Ivo Linna & Maarja-Liis Ilus,5,94,#5 in qualification
Estonia,1994,Nagu Merelaine,Silvi Vrait,24,2,
Estonia,1993,Muretut meelt ja südametuld,Janika Sillamaa,Didn't qualify,,#5 in qualification
Finland,2023,–,,–,–,semi-final
Finland,2022,Jezebel,The Rasmus,21,38,#7 in semi-final 2
Finland,2021,Dark Side,Blind Channel,6,301,#5 in semi-final 2
Finland,2020,Looking Back,Aksel,,,cancelled
Finland,2019,Look Away,Darude feat. Sebastian Rejman,Didn't qualify,,#17 in semi-final 1
Finland,2018,Monsters,Saara Aalto,25,46,#10 in semi-final 1
Finland,2017,Blackbird,Norma John,Didn't qualify,,#12 in semi-final 1
Finland,2016,Sing It Away,Sandhja,Didn't qualify,,#15 in semi-final 1
Finland,2015,Aina Mun Pitää,Pertti Kurikan Nimipäivät,Didn't qualify,,#16 in semi-final 1
Finland,2014,Something Better,Softengine,11,72,#3 in semi-final 2
Finland,2013,Marry Me,Krista Siegfrids,24,13,#9 in semi-final 2
Finland,2012,När Jag Blundar,Pernilla,Didn't qualify,,#12 in semi-final 1
Finland,2011,Da Da Dam,Paradise Oskar,21,57,#3 in semi-final 1
Finland,2010,Työlki Ellää,Kuunkuiskaajat,Didn't qualify,,#11 in semi-final 1
Finland,2009,Lose Control,Waldo's People,25,22,#12 in semi-final 1
Finland,2008,Missä Miehet Ratsastaa,Teräsbetoni,22,35,#8 in semi-final 1
Finland,2007,Leave Me Alone,Hanna Pakarinen,17,53,winner 2006
Finland,2006,Hard Rock Hallelujah,Lordi,#1,292,#1 in semi-final
Finland,2005,Why,Geir Rönning,Didn't qualify,,#18 in semi-final
Finland,2004,Takes 2 To Tango,Jari Sillanpää,Didn't qualify,,#14 in semi-final
Finland,2002,Addicted To You,Laura,20,24,
Finland,2000,A Little Bit,Nina Åström,18,18,
Finland,1998,Aava,Edea,15,22,
Finland,1996,Niin Kaunis On Taivas,Jasmine,23,9,#22 in qualification
Finland,1994,Bye Bye Baby,CatCat,22,11,
Finland,1993,Tule Luo,Katri-Helena,17,20,
Finland,1992,Yamma Yamma,Pave,23,4,
Finland,1991,Hullu Yö,Kaija,20,6,
Finland,1990,Fri?,Beat,21,8,
Finland,1989,La Dolce Vita,Anneli Saaristo,7,76,
Finland,1988,Nauravat Silmät Muistetaan,Boulevard,20,3,
Finland,1987,Sata Salamaa,Vicky Rosti,15,32,
Finland,1986,Päivä Kahden Ihmisen,Kari Kuivalainen,15,22,
Finland,1985,Eläköön Elämä,Sonja Lumme,9,58,
Finland,1984,Hengaillaan,Kirka,9,46,
Finland,1983,Fantasiaa,Ami Aspelund,11,41,
Finland,1982,Nuku Pommiin,Kojo,18,0,
Finland,1981,Reggae O.k.,Riki Sorsa,16,27,
Finland,1980,Huilumies,Vesa-Matti Loiri,19,6,
Finland,1979,Katson Sineen Taivaan,Katri-Helena,14,38,
Finland,1978,Anna Rakkaudelle Tilaisuus,Seija Simola,18,2,
Finland,1977,Lapponia,Monica Aspelund,10,50,
Finland,1976,Pump-pump,Fredi and The Friends,11,44,
Finland,1975,Old Man Fiddle,Pihasoittajat,7,74,
Finland,1974,Äla Mene Pois (keep Me Warm),Carita,13,4,
Finland,1973,Tom Tom Tom,Marion Rung,6,93,
Finland,1972,Muistathan,Päivi Paunu and Kim Floor,12,78,
Finland,1971,Tie Uuteen Päivään,Markku Aro and Koivisto Sisters,8,84,
Finland,1969,Kuin Silloin Ennen,Jarkko & Laura,12,6,
Finland,1968,Kun Kello Käy,Kristina Hautala,16,1,
Finland,1967,Varjoon-suojaan,Fredi,12,3,
Finland,1966,Play-boy,Ann-Christine Nyström,10,7,
Finland,1965,Aurinko Laskee Länteen,Viktor Klimenko,15,0,
Finland,1964,Laiskotellen,Lasse Mårtenson,7,9,
Finland,1963,Muistojeni Laulu,Laila Halme,13,0,
Finland,1962,Tipi-tii,Marion Rung,7,4,
Finland,1961,Valoa Ikkunassa,Laila Kinnunen,10,6,
France,2023,–,,–,–,Big 5
France,2022,Fulenn,Alvan & Ahez,24,17,Big 5
France,2021,Voilà,Barbara Pravi,2,499,Big 5
France,2020,The Best in Me,Tom Leeb,,,cancelled
France,2019,Roi,Bilal Hassani,16,105,Big 5
France,2018,Mercy,Madame Monsieur,13,173,Big 5
France,2017,Requiem,Alma,12,135,Big 5
France,2016,J'ai Cherché,Amir,6,257,Big 5
France,2015,N’oubliez pas,Lisa Angell,25,4,Big 5
France,2014,Moustache,TWIN TWIN,26,2,Big 5
France,2013,L'enfer Et Moi,Amandine Bourgeois,23,14,Big 5
France,2012,Echo (You And I),Anggun,22,21,Big 5
France,2011,Sognu,Amaury Vassili,15,82,Big 5
France,2010,Allez Ola Olé,Jessy Matador,12,82,Big 4
France,2009,Et S'il Fallait Le Faire,Patricia Kaas,8,107,Big 4
France,2008,Divine,Sébastien Tellier,19,47,Big 4
France,2007,L'amour à La Française,Les Fatals Picards,22,19,Big 4
France,2006,Il était Temps,Virginie Pouchin,22,5,Big 4
France,2005,Chacun Pense à Soi,Ortal,23,11,Big 4
France,2004,A Chaque Pas,Jonatan Cerrada,15,40,Big 4
France,2003,Monts Et Merveilles,Louisa Baileche,18,19,
France,2002,Il Faut Du Temps,Sandrine François,5,104,
France,2001,Je N'ai Que Mon âme,Natasha Saint-Pier,4,142,
France,2000,On Aura Le Ciel,Sofia Mestari,23,5,
France,1999,Je Veux Donner Ma Voix,Nayah,19,14,
France,1998,Où Aller,Marie-Line,24,3,
France,1997,Sentiments Songes,Fanny,7,95,
France,1996,Diwanit Bugale,Dan Ar Braz et l'Héritage des Celtes,19,18,#11 in qualification
France,1995,Il Me Donne Rendez-vous,Nathalie Santamaria,4,94,
France,1994,Je Suis Un Vrai Garçon,Nina Morato,7,74,
France,1993,Mama Corsica,Patrick Fiori,4,121,
France,1992,Monté La Riviè,Kali,8,73,
France,1991,C'est Le Dernier Qui A Parlé Qui A Raison,Amina,2,146,
France,1990,White And Black Blues,Joelle Ursull,2,132,
France,1989,J'ai Volé La Vie,Nathalie Pâque,8,60,
France,1988,Chanteur De Charme,Gérard Lenorman,10,64,
France,1987,Les Mots D'amour N'ont Pas De Dimanche,Christine Minier,14,44,
France,1986,Européennes,Cocktail Chic,17,13,
France,1985,Femme Dans Ses Rêves Aussi,Roger Bens,10,56,
France,1984,Autant D'amoureux Que D'étoiles,Annick Thoumazeau,8,61,
France,1983,Vivre,Guy Bonnet,8,56,
France,1981,Humanahum,Jean Gabilou,3,125,
France,1980,"Hé, Hé M'sieurs Dames",Profil,11,45,
France,1979,Je Suis L'enfant-soleil,Anne-Marie David,3,106,
France,1978,Il Y Aura Toujours Des Violons,Joël Prévost,3,119,
France,1977,L'oiseau Et L'enfant,Marie Myriam,#1,136,
France,1976,"Un, Deux, Trois",Catherine Ferry,2,147,
France,1975,Et Bonjour à Toi L'artiste,Nicole Rieu,4,91,
France,1973,Sans Toi,Martine Clémenceau,15,65,
France,1972,Comé-comédie,Betty Mars,11,81,
France,1971,Un Jardin Sur La Terre,Serge Lama,10,82,
France,1970,Marie Blanche,Guy Bonnet,4,8,
France,1969,"Un Jour, Un Enfant",Frida Boccara,#1,18,
France,1968,La Source,Isabelle Aubret,3,20,
France,1967,Il Doit Faire Beau Là-bas,Noëlle Cordier,3,20,
France,1966,Chez Nous,Dominique Walter,16,1,
France,1965,N'avoue Jamais,Guy Mardel,3,22,
France,1964,Le Chant De Mallory,Rachel,4,14,
France,1963,Elle était Si Jolie,Alain Barrière,5,25,
France,1962,Un Premier Amour,Isabelle Aubret,#1,26,
France,1961,Printemps (avril Carillonne),Jean-Paul Mauric,4,13,
France,1960,Tom Pillibi,Jacqueline Boyer,#1,32,
France,1959,"Oui, Oui, Oui, Oui",Jean Philippe,3,15,
France,1958,Dors Mon Amour,André Claveau,#1,27,
France,1957,La Belle Amour,Paule Desjardins,2,17,
France,1956,Le Temps Perdu,Mathé Altéry,2,–,
France,1956,Il Est Là,Dany Dauberson,2,–,
Georgia,2023,–,,–,–,semi-final
Georgia,2022,Lock Me In,Circus Mircus,Didn't qualify,,#18 in semi-final 2
Georgia,2021,You,Tornike Kipiani,Didn't qualify,,#16 in semi-final 2
Georgia,2020,Take Me As I Am,Tornike Kipiani,,,cancelled
Georgia,2019,Keep on Going,Oto Nemsadze,Didn't qualify,,#14 in semi-final 1
Georgia,2018,For You,Ethno-Jazz Band Iriao,Didn't qualify,,#18 in semi-final 2
Georgia,2017,Keep The Faith,Tamara Gachechiladze,Didn't qualify,,#11 in semi-final 1
Georgia,2016,Midnight Gold,Nika Kocharov & Young Georgian Lolitaz,20,104,#9 in semi-final 2
Georgia,2015,Warrior,Nina Sublatti,11,51,#4 in semi-final 1
Georgia,2014,Three Minutes To Earth,The Shin and Mariko,Didn't qualify,,#15 in semi-final 2
Georgia,2013,Waterfall,Nodi Tatishvili & Sophie Gelovani,15,50,#10 in semi-final 2
Georgia,2012,I'm A Joker,Anri Jokhadze,Didn't qualify,,#14 in semi-final 2
Georgia,2011,One More Day,Eldrine,9,110,#6 in semi-final 1
Georgia,2010,Shine,Sofia Nizharadze,9,136,#3 in semi-final 2
Georgia,2008,Peace Will Come,Diana Gurtskaya,11,83,#5 in semi-final 2
Georgia,2007,Visionary Dream,Sopho,12,97,#8 in semi-final
Germany,2023,–,,–,–,Big 5
Germany,2022,Rockstars,Malik Harris,25,6,Big 5
Germany,2021,I Don't Feel Hate,Jendrik,25,3,Big 5
Germany,2020,Violent Thing,Ben Dolic,,,cancelled
Germany,2019,Sister,S!sters,25,24,Big 5
Germany,2018,You Let Me Walk Alone,Michael Schulte,4,340,Big 5
Germany,2017,Perfect Life,Levina,25,6,Big 5
Germany,2016,Ghost,Jamie-Lee Kriewitz,26,11,Big 5
Germany,2015,Black Smoke,Ann Sophie,27,0,Big 5
Germany,2014,Is It Right,Elaiza,18,39,Big 5
Germany,2013,Glorious,Cascada,21,18,Big 5
Germany,2012,Standing Still,Roman Lob,8,110,Big 5
Germany,2011,Taken By A Stranger,Lena,10,107,Big 5
Germany,2010,Satellite,Lena,#1,246,Big 4
Germany,2009,Miss Kiss Kiss Bang,Alex Swings Oscar Sings!,20,35,Big 4
Germany,2008,Disappear,No Angels,23,14,Big 4
Germany,2007,Frauen Regieren Die Welt,Roger Cicero,19,49,Big 4
Germany,2006,"No, No, Never",Texas Lightning,14,36,Big 4
Germany,2005,Run & Hide,Gracia,24,4,Big 4
Germany,2004,Can't Wait Until Tonight,Max,8,93,Big 4
Germany,2003,Let's Get Happy,Lou,11,53,
Germany,2002,I Can't Live Without Music,Corinna May,21,17,
Germany,2001,Wer Liebe Lebt,Michelle,8,66,
Germany,2000,Wadde Hadde Dudde Da,Stefan Raab,5,96,
Germany,1999,Reise Nach Jerusalem - Kudüs'e Seyahat,Sürpriz,3,140,
Germany,1998,Guildo Hat Euch Lieb,Guildo Horn,7,86,
Germany,1997,Zeit,Bianca Shomburg,18,22,
Germany,1996,Planet of Blue,Leon,Didn't qualify,,#24 in qualification
Germany,1995,Verliebt In Dich,Stone and Stone,23,1,
Germany,1994,Wir Geben 'ne Party,MeKaDo,3,128,
Germany,1993,Viel Zu Weit,Münchener Freiheit,18,18,
Germany,1992,Träume Sind Für Alle Da,Wind,16,27,
Germany,1991,Dieser Traum Darf Niemals Sterben,Atlantis 2000,18,10,
Germany,1990,Frei Zu Leben,Chris Kempers & Daniel Kovac,9,60,
Germany,1989,Flieger,Nino de Angelo,14,46,
Germany,1988,Lied Für Einen Freund,Maxi & Chris Garden,14,48,
Germany,1987,Laß Die Sonne In Dein Herz,Wind,2,141,
Germany,1986,Über Die Brücke Geh'n,Ingrid Peters,8,62,
Germany,1985,Für Alle,Wind,2,105,
Germany,1984,Aufrecht Geh'n,Mary Roos,13,34,
Germany,1983,Rücksicht,Hoffmann und Hoffmann,5,94,
Germany,1982,Ein Bißchen Frieden,Nicole,#1,161,
Germany,1981,Johnny Blue,Lena Valaitis,2,132,
Germany,1980,Theater,Katja Ebstein,2,128,
Germany,1979,Dschinghis Khan,Dschinghis Khan,4,86,
Germany,1978,Feuer,Ireen Sheer,6,84,
Germany,1977,Telegram,Silver Convention,8,55,
Germany,1976,"Sing, Sang, Song",Les Humphries Singers,15,12,
Germany,1975,Ein Lied Kann Eine Brücke Sein,Joy Fleming,17,15,
Germany,1974,Die Sommermelodie,Cindy und Bert,14,3,
Germany,1973,Junger Tag,Gitte,8,85,
Germany,1972,Nur Die Liebe Läßt Uns Leben,Mary Roos,3,107,
Germany,1971,Diese Welt,Katja Ebstein,3,100,
Germany,1970,Wunder Gibt Es Immer Wieder,Katja Ebstein,3,12,
Germany,1969,Primaballerina,Siw Malmkvist,9,8,
Germany,1968,Ein Hoch Der Liebe,Wencke Myhre,6,11,
Germany,1967,Anouschka,Inge Brück,8,7,
Germany,1966,Die Zeiger Der Uhr,Margot Eskens,10,7,
Germany,1965,"Paradies, Wo Bist Du?",Ulla Wiesner,15,0,
Germany,1964,Man Gewöhnt Sich So Schnell An Das Schöne,Nora Nova,13,0,
Germany,1963,Marcel,Heidi Brühl,9,5,
Germany,1962,Zwei Kleine Italiener,Conny Froboess,6,9,
Germany,1961,Einmal Sehen Wir Uns Wieder,Lale Andersen,13,3,
Germany,1960,"Bonne Nuit, Ma Chérie!",Wyn Hoop,4,11,
Germany,1959,Heut' Woll'n Wir Tanzen Geh'n,Alice and Ellen Kessler,8,5,
Germany,1958,Für Zwei Groschen Musik,Margot Hielscher,7,5,
Germany,1957,"Telefon, Telefon",Margot Hielscher,4,8,
Germany,1956,Im Wartesaal Zum Großen Glück,Walter Andreas Schwarz,2,–,
Germany,1956,So Geht Das Jede Nacht,Freddy Quinn,2,–,
Greece,2023,–,,–,–,semi-final
Greece,2022,Die Together,Amanda Georgiadi Tenfjord,8,215,#3 in semi-final 1
Greece,2021,Last Dance,Stefania,10,170,#6 in semi-final 2
Greece,2020,Superg!rl,Stefania,,,cancelled
Greece,2019,Better Love,Katerine Duska,21,74,#5 in semi-final 1
Greece,2018,Oniro Mou,Yianna Terzi,Didn't qualify,,#14 in semi-final 1
Greece,2017,This is Love,Demy,19,77,#10 in semi-final 1
Greece,2016,Utopian Land,Argo,Didn't qualify,,#16 in semi-final 1
Greece,2015,One Last Breath,Maria Elena Kyriakou,19,23,#6 in semi-final 1
Greece,2014,Rise Up,Freaky Fortune feat. RiskyKidd,20,35,#7 in semi-final 2
Greece,2013,Alcohol Is Free,Koza Mostra feat. Agathon Iakovidis,6,152,#2 in semi-final 2
Greece,2012,Aphrodisiac,Eleftheria Eleftheriou,17,64,#4 in semi-final 1
Greece,2011,Watch My Dance,Loucas Yiorkas feat. Stereo Mike,7,120,#1 in semi-final 1
Greece,2010,OPA,Giorgos Alkaios & Friends,8,140,#2 in semi-final 1
Greece,2009,This Is Our Night,Sakis Rouvas,7,120,#4 in semi-final 2
Greece,2008,Secret Combination,Kalomira,3,218,#1 in semi-final 1
Greece,2007,Yassou Maria,Sarbel,7,139,Top-10 2006
Greece,2006,Everything,Anna Vissi,9,128,winner 2005
Greece,2005,My Number One,Helena Paparizou,#1,230,Top-10 2004
Greece,2004,Shake It,Sakis Rouvas,3,252,#3 in semi-final
Greece,2003,Never Let You Go,Mando,17,25,
Greece,2002,S.A.G.A.P.O.,Michalis Rakintzis,17,27,
Greece,2001,Die For You,Antique,3,147,
Greece,1998,Mia Krifi Evaisthissia,Dionysia & Thalassa,20,12,
Greece,1997,Horepse,Marianna Zorba,12,39,
Greece,1996,Emis Forame To Himona Anixiatika,Marianna Efstratiou,14,36,#12 in qualification
Greece,1995,Pia Prosefhi,Elina Constantopoulou,12,68,
Greece,1994,To Trehantiri,Costas Bigalis and the Sea Lovers,14,44,
Greece,1993,"Ellada, Hora Tou Fotos",Kaiti Garbi,9,64,
Greece,1992,Olou Tou Kosmou tin Elpida,Cleopatra,5,94,
Greece,1991,I Anixi,Sofia Vossou,13,36,
Greece,1990,Horis Skopo,Christos Callow & Wave,19,11,
Greece,1989,To Diko Sou Asteri,Marianna,9,56,
Greece,1988,Kloun,Aphroditi Fryda,17,10,
Greece,1987,Stop!,Bang,10,64,
Greece,1985,Miazoume,Takis Biniaris,16,15,
Greece,1983,Mou Les,Christie Stassinopoulou,14,32,
Greece,1981,Feggari Kalokerino,Yiannis Dimitras,8,55,
Greece,1980,Otostop,Anna Vissi and the Epikouri,13,30,
Greece,1979,Socrati,Elpida,8,69,
Greece,1978,Charlie Chaplin,Tania Tsanaklidou,8,66,
Greece,1977,Mathima Solfez,"Pascalis, Marianna, Robert and Bessy",5,92,
Greece,1976,"Panaghia Mou, Panaghia Mou",Mariza Koch,13,20,
Greece,1974,"Krassi, Thalassa Ke T'agori Mou",Marinella,11,7,
Hungary,2019,Az én apám,Joci Pápai,Didn't qualify,,#12 in semi-final 1
Hungary,2018,Viszlát Nyár,AWS,21,93,#10 in semi-final 2
Hungary,2017,Origo,Joci Pápai,8,200,#2 in semi-final 2
Hungary,2016,Pioneer,Freddie,19,108,#4 in semi-final 1
Hungary,2015,Wars For Nothing,Boggie,20,19,#8 in semi-final 1
Hungary,2014,Running,András Kállay-Saunders,5,143,#3 in semi-final 1
Hungary,2013,Kedvesem,ByeAlex,10,84,#8 in semi-final 2
Hungary,2012,Sound Of Our Hearts,Compact Disco,24,19,#10 in semi-final 1
Hungary,2011,What About My Dreams?,Kati Wolf,22,53,#7 in semi-final 1
Hungary,2009,Dance With Me,Zoli Ádok,Didn't qualify,,#15 in semi-final 2
Hungary,2008,Candlelight,Csézy,Didn't qualify,,#19 in semi-final 2
Hungary,2007,Unsubstantial Blues,Magdi Rúzsa,9,128,#2 in semi-final
Hungary,2005,Forogj Világ,NOX,12,97,#5 in semi-final
Hungary,1998,A Holnap Már Ném Lesz Szomorú,Charlie,23,4,
Hungary,1997,"Miert Kell, Hogy Elmenj?",VIP,12,39,
Hungary,1996,Fortuna,Gjon Delhusa,Didn't qualify,,#23 in qualification
Hungary,1995,Ùj Nèv Egy Règi Hàz Fàlan,Czaba Szigeti,22,3,
Hungary,1994,Kinek Mondjam El Vétkeimet,Friderika Bayer,4,122,
Hungary,1993,Árva reggel,Andrea Szulák,Didn't qualify,,#6 in qualification
Iceland,2023,–,,–,–,semi-final
Iceland,2022,Með hækkandi sól,Systur,23,20,#10 in semi-final 1
Iceland,2021,10 Years,Daði & Gagnamagnið,4,378,#2 in semi-final 2
Iceland,2020,Think About Things,Daði & Gagnamagnið,,,cancelled
Iceland,2019,Hatrið mun sigra,Hatari,10,232,#3 in semi-final 1
Iceland,2018,Our Choice,Ari Ólafsson,Didn't qualify,,#19 in semi-final 1
Iceland,2017,Paper,Svala,Didn't qualify,,#15 in semi-final 1
Iceland,2016,Hear Them Calling,Greta Salóme,Didn't qualify,,#14 in semi-final 1
Iceland,2015,Unbroken,María Ólafsdóttir,Didn't qualify,,#15 in semi-final 2
Iceland,2014,No Prejudice,Pollapönk,15,58,#8 in semi-final 1
Iceland,2013,Ég Á Líf,Eythor Ingi,17,47,#6 in semi-final 2
Iceland,2012,Never Forget,Greta Salóme & Jónsi,20,46,#8 in semi-final 1
Iceland,2011,Coming Home,Sjonni's Friends,20,61,#4 in semi-final 1
Iceland,2010,Je Ne Sais Quoi,Hera Björk,19,41,#3 in semi-final 1
Iceland,2009,Is It True?,Yohanna,2,218,#1 in semi-final 1
Iceland,2008,This Is My Life,Euroband,14,64,#8 in semi-final 2
Iceland,2007,Valentine Lost,Eiríkur Hauksson,Didn't qualify,,#13 in semi-final
Iceland,2006,Congratulations,Silvia Night,Didn't qualify,,#13 in semi-final
Iceland,2005,If I Had Your Love,Selma,Didn't qualify,,#16 in semi-final
Iceland,2004,Heaven,Jónsi,19,16,Top-10 2003
Iceland,2003,Open Your Heart,Birgitta,8,81,
Iceland,2001,Angel,TwoTricky,22,3,
Iceland,2000,Tell Me!,August & Telma,12,45,
Iceland,1999,All Out Of Luck,Selma Björnsdóttir,2,146,
Iceland,1997,Minn Hinsti Dans,Paul Oscar,20,18,
Iceland,1996,Sjúbídú,Anna Mjöll,13,51,#10 in qualification
Iceland,1995,Núna,Bó Halldórsson,15,31,
Iceland,1994,Nætur,Sigga,12,49,
Iceland,1993,þá Veistu Svarið,Inga,13,42,
Iceland,1992,Nei Eða Já,Heart 2 Heart,7,80,
Iceland,1991,Nina,Stefán & Eyfi,15,26,
Iceland,1990,Eitt Lag Enn,Stjórnin,4,124,
Iceland,1989,Það Sem Enginn Sér,Daníel Augúst Haraldsson,22,0,
Iceland,1988,Sókrates,Beathoven,16,20,
Iceland,1987,Hægt Og Hljótt,Halla Margarét,16,28,
Iceland,1986,Gleðibankinn,Icy,16,19,
Italy,2023,–,,–,–,Big 5
Italy,2022,Brividi,Mahmood & Blanco,6,268,Big 5
Italy,2021,Zitti e buoni,Måneskin,#1,524,Big 5
Italy,2020,Fai rumore,Diodato,,,cancelled
Italy,2019,Soldi,Mahmood,2,472,Big 5
Italy,2018,Non Mi Avete Fatto Niente,Ermal Meta & Fabrizio Moro,5,308,Big 5
Italy,2017,Occidentali's Karma,Francesco Gabbani,6,334,Big 5
Italy,2016,No Degree of Separation,Francesca Michielin,16,124,Big 5
Italy,2015,Grande Amore,Il Volo,3,292,Big 5
Italy,2014,La Mia Città,Emma,21,33,Big 5
Italy,2013,L'Essenziale,Marco Mengoni,7,126,Big 5
Italy,2012,L'Amore È Femmina (Out Of Love),Nina Zilli,9,101,Big 5
Italy,2011,Madness Of Love,Raphael Gualazzi,2,189,Big 5
Italy,1997,Fiumi Di Parole,Jalisse,4,114,
Italy,1993,Sole D'europa,Enrico Ruggeri,12,45,
Italy,1992,Rapsodia,Mia Martini,4,111,
Italy,1991,Comme E' Ddoce 'o Mare,Peppino di Capri,7,89,
Italy,1990,Insieme: 1992,Toto Cutugno,#1,149,
Italy,1989,Avrei Voluto,Anna Oxa and Fausto Leali,9,56,
Italy,1988,Ti Scrivo,Luca Barbarossa,12,52,
Italy,1987,Gente Di Mare,Umberto Tozzi and Raf,3,103,
Italy,1985,"Magic, Oh Magic",Al Bano and Romina Power,7,78,
Italy,1984,I Treni Di Tozeur,Alice & Battiato,5,70,
Italy,1983,Per Lucia,Riccardo Fogli,11,41,
Italy,1980,Non So Che Darei,Alan Sorrenti,6,87,
Italy,1979,Raggio Di Luna,Matia Bazar,15,27,
Italy,1978,Questo Amore,Ricchi e Poveri,12,53,
Italy,1977,Liberà,Mia Martini,13,33,
Italy,1976,We'll Live It All Again,Romina and Al Bano,7,69,
Italy,1975,Era,Wess & Dori Ghezzi,3,115,
Italy,1974,Si,Gigliola Cinquetti,2,18,
Italy,1973,Chi Sarà Con Te,Massimo Ranieri,13,74,
Italy,1972,I Giorni Dell' Arcobaleno,Nicola di Bari,6,92,
Italy,1971,L'amore è Un Attimo,Massimo Ranieri,5,91,
Italy,1970,Occhi Di Ragazza,Gianni Morandi,8,5,
Italy,1969,Due Grosse Lacrime Bianche,Iva Zanicchi,13,5,
Italy,1968,Marianne,Sergio Endrigo,10,7,
Italy,1967,Non Andare Più Lontano,Claudio Villa,11,4,
Italy,1966,Dio Come Ti Amo,Domenico Modugno,17,0,
Italy,1965,"Se Piangi, Se Ridi",Bobby Solo,5,15,
Italy,1964,Non Ho L'étà,Gigliola Cinquetti,#1,49,
Italy,1963,Uno Per Tutte,Emilio Pericoli,3,37,
Italy,1962,"Addio, Addio",Claudio Villa,9,3,
Italy,1961,Al Di Là,Betty Curtis,5,12,
Italy,1960,Romantica,Renato Rascel,8,5,
Italy,1959,Piove,Domenico Modugno,6,9,
Italy,1958,Nel Blu Dipinto Di Blu,Domenico Modugno,3,13,
Italy,1957,Corde Della Mia Chitarra,Nunzio Gallo,6,7,
Italy,1956,Aprite Le Finestre,Franca Raimondi,2,–,
Italy,1956,Amami Se Vuoi,Tonina Torielli,2,–,
Ireland,2023,–,,–,–,semi-final
Ireland,2022,That's Rich,Brooke Scullion,Didn't qualify,,#15 in semi-final 2
Ireland,2021,Maps,Lesley Roy,Didn't qualify,,#16 in semi-final 1
Ireland,2020,Story Of My Life,Lesley Roy,,,cancelled
Ireland,2019,22,Sarah McTernan,Didn't qualify,,#18 in semi-final 2
Ireland,2018,Together,Ryan O'Shaughnessy,16,136,#6 in semi-final 1
Ireland,2017,Dying To Try,Brendan Murray,Didn't qualify,,#13 in semi-final 2
Ireland,2016,Sunlight,Nicky Byrne,Didn't qualify,,#15 in semi-final 2
Ireland,2015,Playing With Numbers,Molly Sterling,Didn't qualify,,#12 in semi-final 2
Ireland,2014,Heartbeat,Can-Linn feat. Kasey Smith,Didn't qualify,,#12 in semi-final 2
Ireland,2013,Only Love Survives,Ryan Dolan,26,5,#8 in semi-final 1
Ireland,2012,Waterline,Jedward,19,46,#6 in semi-final 1
Ireland,2011,Lipstick,Jedward,8,119,#8 in semi-final 2
Ireland,2010,It's For You,Niamh Kavanagh,23,25,#9 in semi-final 2
Ireland,2009,Et Cetera,Sinéad Mulvey & Black Daisy,Didn't qualify,,#11 in semi-final 2
Ireland,2008,Irelande Douze Pointe,Dustin the Turkey,Didn't qualify,,#15 in semi-final 1
Ireland,2007,They Can't Stop The Spring,Dervish,24,5,Top-10 2006
Ireland,2006,Every Song Is A Cry For Love,Brian Kennedy,10,93,#9 in semi-final
Ireland,2005,Love?,Donna & Joseph McCaul,Didn't qualify,,#14 in semi-final
Ireland,2004,If My World Stopped Turning,Chris Doran,22,7,Top-10 2003
Ireland,2003,We've Got The World,Mickey Harte,11,53,
Ireland,2001,Without Your Love,Gary O'Shaughnessy,21,6,
Ireland,2000,Millennium Of Love,Eamonn Toal,6,92,
Ireland,1999,When You Need Me,The Mullan's,17,18,
Ireland,1998,Is Always Over Now?,Dawn,9,64,
Ireland,1997,Mysterious Woman,Marc Roberts,2,157,
Ireland,1996,The Voice,Eimear Quinn,#1,162,#2 in qualification
Ireland,1995,Dreamin',Eddie Friel,14,44,
Ireland,1994,Rock 'n' Roll Kids,Paul Harrington & Charlie McGettigan,#1,226,
Ireland,1993,In Your Eyes,Niamh Kavanagh,#1,187,
Ireland,1992,Why Me,Linda Martin,#1,155,
Ireland,1991,Could It Be That I'm In Love,Kim Jackson,10,47,
Ireland,1990,Somewhere In Europe,Liam Reilly,2,132,
Ireland,1989,The Real Me,Kiev Connolly and the Missing Passengers,18,21,
Ireland,1988,Take Him Home,Jump the Gun,8,79,
Ireland,1987,Hold Me Now,Johnny Logan,#1,172,
Ireland,1986,You Can Count On Me,Luv Bug,4,96,
Ireland,1985,Wait Until The Weekend Comes,Maria Christian,6,91,
Ireland,1984,Terminal '3',Linda Martin,2,137,
Ireland,1982,"Here Today, Gone Tomorrow",The Duskeys,11,49,
Ireland,1981,Horoscopes,Sheeba,5,105,
Ireland,1980,What's Another Year,Johnny Logan,#1,143,
Ireland,1979,Happy Man,Cathal Dunne,5,80,
Ireland,1978,Born To Sing,Colm T. Wilkinson,5,86,
Ireland,1977,It's Nice To Be In Love Again,The Swarbriggs Plus Two,3,119,
Ireland,1976,When,Red Hurley,10,54,
Ireland,1975,That's What Friends Are For,The Swarbriggs,9,68,
Ireland,1974,Cross Your Heart,Tina,7,11,
Ireland,1973,Do I Dream?,Maxi,10,80,
Ireland,1972,Ceol On Ghrá,Sandie Jones,15,72,
Ireland,1971,One Day Love,Angela Farrell,11,79,
Ireland,1970,All Kinds Of Everything,Dana,#1,32,
Ireland,1969,The Wages Of Love,Muriel Day and the Lindsays,7,10,
Ireland,1968,Chance Of A Lifetime,Pat McGeegan,4,18,
Ireland,1967,If I Could Choose,Sean Dunphy,2,22,
Ireland,1966,Come Back To Stay,Dickie Rock,4,14,
Ireland,1965,I'm Walking The Streets In The Rain,Butch Moore,6,11,
Luxembourg,1993,Donne-moi Une Chance,Modern Times,20,11,
Luxembourg,1992,Sou Fräi,Marion Welter and Kontinent,21,10,
Luxembourg,1991,Un Baiser Volé,Sarah Bray,14,29,
Luxembourg,1990,Quand Je Te Rêve,Céline Carzo,13,38,
Luxembourg,1989,Monsieur,Park Café,20,8,
Luxembourg,1988,Croire,Lara Fabian,4,90,
Luxembourg,1987,Amour Amour,Plastic Bertrand,21,4,
Luxembourg,1986,L'amour De Ma Vie,Sherisse Laurence,3,117,
Luxembourg,1985,"Children, Kinder, Enfants","Margo, Franck, Diane, Ireen, Malcolm & Chris",13,37,
Luxembourg,1984,100% D'amour,Sophie Carle,10,39,
Luxembourg,1983,Si La Vie Est Cadeau,Corinne Hermès,#1,142,
Luxembourg,1982,Cour Apres Le Temps,Svetlana,6,78,
Luxembourg,1981,C'est Peut-être Pas L'Amérique,Jean-Claude Pascal,11,41,
Luxembourg,1980,Papa Pingouin,Sophie and Magaly,9,56,
Luxembourg,1979,J'ai Déjà Vu ça Dans Tes Yeux,Jeane Manson,13,44,
Luxembourg,1978,Parlez-vous Français?,Baccara,7,73,
Luxembourg,1977,Frère Jacques,Anne Marie B.,16,17,
Luxembourg,1976,Chansons Pour Ceux Qui S'aiment,Jürgen Marcus,14,17,
Luxembourg,1975,Toi,Géraldine,5,84,
Luxembourg,1974,"Bye, Bye, I Love You",Ireen Sheer,4,14,
Luxembourg,1973,Tu Te Reconnaîtras,Anne-Marie David,#1,129,
Luxembourg,1972,Après Toi,Vicky Leandros,#1,128,
Luxembourg,1971,"Pomme, Pomme, Pomme",Monique Melsen,13,70,
Luxembourg,1970,Je Suis Tombé Du Ciel,David-Alexandre Winter,12,0,
Luxembourg,1969,Cathérine,Romuald,11,7,
Luxembourg,1968,Nous Vivrons D'amour,Chris Baldo & Sophie Garel,11,5,
Luxembourg,1967,L'amour Est Bleu,Vicky,4,17,
Luxembourg,1966,Ce Soir Je T'attendais,Michèle Torr,10,7,
Luxembourg,1965,"Poupée De Cire, Poupée De Son",France Gall,#1,32,
Luxembourg,1964,Dès Que Le Printemps Revient,Hugues Aufray,4,14,
Luxembourg,1963,A Force De Prier,Nana Mouskouri,8,13,
Luxembourg,1962,Petit Bonhomme,Camillo Felgen,3,11,
Luxembourg,1961,Nous Les Amoureux,Jean-Claude Pascal,#1,31,
Luxembourg,1960,So Laang We's Du Do Bast,Camillo Felgen,13,1,
Luxembourg,1958,Un Grand Amour,Solange Berry,9,1,
Luxembourg,1957,Amours Mortes (Tant De Peine),Danièle Dupré,4,8,
Luxembourg,1956,Ne Crois Pas,Michèle Arnaud,2,–,
Luxembourg,1956,Les Amants De Minuit,Michèle Arnaud,2,–,
Israel,2023,–,Noa Kirel,–,–,semi-final
Israel,2022,I.M,Michael Ben David,Didn't qualify,,#13 in semi-final 2
Israel,2021,Set Me Free,Eden Alene,17,93,#5 in semi-final 1
Israel,2020,Feker Libi,Eden Alene,,,cancelled
Israel,2019,Home,Kobi Marimi,23,35,winner 2018
Israel,2018,Toy,Netta,#1,529,#1 in semi-final 1
Israel,2017,I Feel Alive,Imri Ziv,23,39,#3 in semi-final 2
Israel,2016,Made of Stars,Hovi Star,14,135,#7 in semi-final 2
Israel,2015,Golden Boy,Nadav Guedj,9,97,#3 in semi-final 2
Israel,2014,Same Heart,Mei Finegold,Didn't qualify,,#14 in semi-final 2
Israel,2013,Rak Bishvilo,Moran Mazor,Didn't qualify,,#14 in semi-final 2
Israel,2012,Time,Izabo,Didn't qualify,,#13 in semi-final 1
Israel,2011,Ding Dong,Dana International,Didn't qualify,,#15 in semi-final 2
Israel,2010,Milim,Harel Skaat,14,71,#8 in semi-final 2
Israel,2009,There Must Be Another Way,Noa & Mira Awad,16,53,#7 in semi-final 1
Israel,2008,The Fire In Your Eyes,Boaz,9,124,#5 in semi-final 1
Israel,2007,Push The Button,Teapacks,Didn't qualify,,#24 in semi-final
Israel,2006,Ze Hazman,Eddie Butler,23,4,Top-10 2005
Israel,2005,Hasheket Shenish'ar,Shiri Maymon,4,154,#7 in semi-final
Israel,2004,Le'ha'amin,David D'or,Didn't qualify,,#11 in semi-final
Israel,2003,Words For Love,Lior Narkis,19,17,
Israel,2002,Light A Candle,Sarit Hadad,12,37,
Israel,2001,Ein Davar,Tal Sondak,16,25,
Israel,2000,Sa'me'akh,Ping Pong,22,7,
Israel,1999,Yom Huledeth,Eden,5,93,
Israel,1998,Diva,Dana International,#1,172,
Israel,1996,Shalom Olam,Galit Bell,Didn't qualify,,#28 in qualification
Israel,1995,Amen,Liora,8,81,
Israel,1993,Shiru,Lakahat Shiru,24,4,
Israel,1992,Ze Rak Sport,Dafna,6,85,
Israel,1991,Kan,Duo Datz,3,139,
Israel,1990,Shara Barechovot,Rita,18,16,
Israel,1989,Derech Ha'melech,Gili & Galit,12,50,
Israel,1988,Ben Adam,Yardena Arazi,7,85,
Israel,1987,Shir Habatlanim,Datner & Kushnir,8,73,
Israel,1986,Yavoh Yom,Moti Galadi and Sarai Tzuriel,19,7,
Israel,1985,Olé Olé,Izhar Cohen,5,93,
Israel,1983,Hi,Ofra Haza,2,136,
Israel,1982,Hora,Avi Toledano,2,100,
Israel,1981,Halaylah,Habibi,7,56,
Israel,1979,Hallelujah,Milk and Honey,#1,125,
Israel,1978,A-Ba-Ni-Bi,Izhar Cohen and the Alphabeta,#1,157,
Israel,1977,Ah-haa-vah Hee Shir Lish-naa-yim,Ilanit,11,49,
Israel,1976,Emor Shalom,"Chocolate, Menta, Mastik",6,77,
Israel,1975,At Va'Ani,Shlomo Artzi,11,40,
Israel,1974,Natati La Khayay,Kaveret (Poogy),7,11,
Israel,1973,Ey-sham,Ilanit,4,97,
Malta,2023,–,,–,–,semi-final
Malta,2022,I Am What I Am,Emma Muscat,Didn't qualify,,#16 in semi-final 2
Malta,2021,Je Me Casse,Destiny,7,255,#1 in semi-final 1
Malta,2020,All Of My Love,Destiny,,,cancelled
Malta,2019,Chameleon,Michela,14,107,#8 in semi-final 2
Malta,2018,Taboo,Christabelle,Didn't qualify,,#13 in semi-final 2
Malta,2017,Breathlessly,Claudia Faniello,Didn't qualify,,#16 in semi-final 2
Malta,2016,Walk on Water,Ira Losco,12,153,#3 in semi-final 1
Malta,2015,Warrior,Amber,Didn't qualify,,#11 in semi-final 2
Malta,2014,Coming Home,Firelight,23,32,#9 in semi-final 2
Malta,2013,Tomorrow,Gianluca,8,120,#4 in semi-final 2
Malta,2012,This Is The Night,Kurt Calleja,21,41,#7 in semi-final 2
Malta,2011,One Life,Glen Vella,Didn't qualify,,#11 in semi-final 1
Malta,2010,My Dream,Thea Garrett,Didn't qualify,,#12 in semi-final 1
Malta,2009,What If We,Chiara,22,31,#6 in semi-final 1
Malta,2008,Vodka,Morena,Didn't qualify,,#14 in semi-final 2
Malta,2007,Vertigo,Olivia Lewis,Didn't qualify,,#25 in semi-final
Malta,2006,I Do,Fabrizio Faniello,24,1,Top-10 2005
Malta,2005,Angel,Chiara,2,192,Top-10 2004
Malta,2004,On again... off again,Julie & Ludwig,12,50,#8 in semi-final
Malta,2003,To Dream Again,Lynn Chirchop,25,4,
Malta,2002,7th Wonder,Ira Losco,2,164,
Malta,2001,Another Summer Night,Fabrizio Faniello,9,48,
Malta,2000,Desire,Claudette Pace,8,73,
Malta,1999,Believe 'n Peace,Times 3,15,32,
Malta,1998,The One That I Love,Chiara,3,165,
Malta,1997,Let Me Fly,Debbie Scerri,9,66,
Malta,1996,In A Woman's Heart,Miriam Christine,10,68,#4 in qualification
Malta,1995,Keep Me In Mind,Mike Spiteri,10,76,
Malta,1994,More Than Love,Moira Stafrace & Christopher Scicluna,5,97,
Malta,1993,This Time,William Mangion,8,69,
Malta,1992,Little Child,Mary Spiteri,3,123,
Malta,1991,Could It Be,Paul Giordimaina & Georgina,6,106,
Malta,1975,Singing This Song,Renato,12,32,
Malta,1972,L-imħabba,Helen & Joseph,18,48,
Malta,1971,Marija L-Maltija,Joe Grech,18,52,
Lithuania,2023,–,,–,–,semi-final
Lithuania,2022,Sentimentai,Monika Liu,14,128,#7 in semi-final 1
Lithuania,2021,Discoteque,The Roop,8,220,#4 in semi-final 1
Lithuania,2020,On Fire,The Roop,,,cancelled
Lithuania,2019,Run with the Lions,Jurij Veklenko,Didn't qualify,,#11 in semi-final 2
Lithuania,2018,When We're Old,Ieva Zasimauskaitė,12,181,#9 in semi-final 1
Lithuania,2017,Rain Of Revolution,Fusedmarc,Didn't qualify,,#17 in semi-final 2
Lithuania,2016,I've Been Waiting for This Night,Donny Montell,9,200,#4 in semi-final 2
Lithuania,2015,This Time,Monika & Vaidas,18,30,#7 in semi-final 2
Lithuania,2014,Attention,Vilija Matačiūnaitė,Didn't qualify,,#11 in semi-final 2
Lithuania,2013,Something,Andrius Pojavis,22,17,#9 in semi-final 1
Lithuania,2012,Love Is Blind,Donny Montell,14,70,#3 in semi-final 2
Lithuania,2011,C'est Ma Vie,Evelina Sašenko,19,63,#5 in semi-final 1
Lithuania,2010,Eastern European Funk,InCulto,Didn't qualify,,#12 in semi-final 2
Lithuania,2009,Love,Sasha Son,23,23,#9 in semi-final 2
Lithuania,2008,Nomads In The Night,Jeronimas Milius,Didn't qualify,,#16 in semi-final 2
Lithuania,2007,Love Or Leave,4Fun,21,28,Top-10 2006
Lithuania,2006,We Are The Winners,LT United,6,162,#5 in semi-final
Lithuania,2005,Little By Little,Laura and the Lovers,Didn't qualify,,#25 in semi-final
Lithuania,2004,What's Happened To Your Love,Linas ir Simona,Didn't qualify,,#16 in semi-final
Lithuania,2002,Happy You,Aivaras,23,12,
Lithuania,2001,You Got Style,Skamp,13,35,
Lithuania,1999,Strazdas,Aiste Smilgeviciute,20,13,
Lithuania,1994,Lopšinė mylimai,Ovidijus Vyšniauskas,25,0,
Moldova,2023,–,,–,–,semi-final
Moldova,2022,Trenuleţul,Zdob şi Zdub & Advahov Brothers,7,253,#8 in semi-final 1
Moldova,2021,Sugar,Natalia Gordienko,13,115,#7 in semi-final 2
Moldova,2020,Prison,Natalia Gordienko,,,cancelled
Moldova,2019,Stay,Anna Odobescu,Didn't qualify,,#12 in semi-final 2
Moldova,2018,My Lucky Day,DoReDos,10,209,#3 in semi-final 2
Moldova,2017,Hey Mamma,Sunstroke Project,3,374,#2 in semi-final 1
Moldova,2016,Falling Stars,Lidia Isac,Didn't qualify,,#17 in semi-final 1
Moldova,2015,I Want Your Love,Eduard Romanyuta,Didn't qualify,,#11 in semi-final 1
Moldova,2014,Wild Soul,Cristina Scarlat,Didn't qualify,,#16 in semi-final 1
Moldova,2013,O Mie,Aliona Moon,11,71,#4 in semi-final 1
Moldova,2012,Lăutar,Pasha Parfeny,11,81,#5 in semi-final 1
Moldova,2011,So Lucky,Zdob și Zdub,12,97,#10 in semi-final 2
Moldova,2010,Run Away,Sunstroke Project & Olia Tira,22,27,#10 in semi-final 1
Moldova,2009,Hora Din Moldova,Nelly Ciobanu,14,69,#5 in semi-final 2
Moldova,2008,A Century Of Love,Geta Burlacu,Didn't qualify,,#12 in semi-final 1
Moldova,2007,Fight,Natalia Barbu,10,109,#10 in semi-final
Moldova,2006,Loca,Arsenium & Natalia Gordienko,20,22,Top-10 2005
Moldova,2005,Boonika Bate Doba,Zdob şi Zdub,6,148,#2 in semi-final
Latvia,2023,–,,–,–,semi-final
Latvia,2022,Eat Your Salad,Citi Zēni,Didn't qualify,,#14 in semi-final 1
Latvia,2021,The Moon Is Rising,Samanta Tīna,Didn't qualify,,#17 in semi-final 2
Latvia,2020,Still Breathing,Samanta Tīna,,,cancelled
Latvia,2019,That Night,Carousel,Didn't qualify,,#15 in semi-final 2
Latvia,2018,Funny Girl,Laura Rizzotto,Didn't qualify,,#12 in semi-final 2
Latvia,2017,Line,Triana Park,Didn't qualify,,#18 in semi-final 1
Latvia,2016,Heartbeat,Justs,15,132,#8 in semi-final 2
Latvia,2015,Love Injected,Aminata Savadogo,6,186,#2 in semi-final 2
Latvia,2014,Cake To Bake,Aarzemnieki,Didn't qualify,,#13 in semi-final 1
Latvia,2013,Here We Go,PeR,Didn't qualify,,#17 in semi-final 2
Latvia,2012,Beautiful Song,Anmary,Didn't qualify,,#16 in semi-final 1
Latvia,2011,Angel In Disguise,Musiqq,Didn't qualify,,#17 in semi-final 2
Latvia,2010,What For?,Aisha,Didn't qualify,,#17 in semi-final 1
Latvia,2009,Probka,Intars Busulis,Didn't qualify,,#19 in semi-final 2
Latvia,2008,Wolves Of The Sea,Pirates Of The Sea,12,83,#6 in semi-final 2
Latvia,2007,Questa Notte,Bonaparti.lv,16,54,#5 in semi-final
Latvia,2006,I Hear Your Heart,Cosmos,16,30,Top-10 2005
Latvia,2005,The War Is Not Over,Walters & Kazha,5,153,#10 in semi-final
Latvia,2004,Dziesma Par Laimi,Fomins & Kleins,Didn't qualify,,#17 in semi-final
Latvia,2003,Hello From Mars,F.L.Y.,24,5,
Latvia,2002,I Wanna,Marie N,#1,176,
Latvia,2001,Too Much,Arnis Mednis,18,16,
Latvia,2000,My Star,BrainStorm,3,136,
Norway,2023,–,,–,–,semi-final
Norway,2022,Give That Wolf a Banana,Subwoolfer,10,182,#6 in semi-final 1
Norway,2021,Fallen Angel,TIX,18,75,#10 in semi-final 1
Norway,2020,Attention,Ulrikke,,,cancelled
Norway,2019,Spirit in the Sky,KEiiNO,6,331,#7 in semi-final 2
Norway,2018,That's How You Write a Song,Alexander Rybak,15,144,#1 in semi-final 2
Norway,2017,Grab the Moment,Jowst,10,158,#5 in semi-final 2
Norway,2016,Icebreaker,Agnete,Didn't qualify,,#13 in semi-final 2
Norway,2015,A Monster Like Me,Mørland & Debrah Scarlett,8,102,#4 in semi-final 2
Norway,2014,Silent Storm,Carl Espen,8,88,#6 in semi-final 2
Norway,2013,I Feed You My Love,Margaret Berger,4,191,#3 in semi-final 2
Norway,2012,Stay,Tooji,26,7,#10 in semi-final 2
Norway,2011,Haba Haba,Stella Mwangi,Didn't qualify,,#17 in semi-final 1
Norway,2010,My Heart Is Yours,Didrik Solli-Tangen,20,35,winner 2009
Norway,2009,Fairytale,Alexander Rybak,#1,387,#1 in semi-final 2
Norway,2008,Hold On Be Strong,Maria,5,182,#4 in semi-final 1
Norway,2007,Ven A Bailar Conmigo,Guri Schanke,Didn't qualify,,#18 in semi-final
Norway,2006,Alvedansen,Christine Guldbrandsen,14,36,Top-10 2005
Norway,2005,In My Dreams,Wig Wam,9,125,#6 in semi-final
Norway,2004,High,Knut Anders Sørum,24,3,Top-10 2003
Norway,2003,I'm Not Afraid To Move On,Jostein Hasselgård,4,123,
Norway,2001,On My Own,Haldor Lægreid,22,3,
Norway,2000,My Heart Goes Boom,Charmed,11,57,
Norway,1999,Living My Life Without You,Stig André Van Eijk,14,35,
Norway,1998,Alltid Sommer,Lars A. Fredriksen,8,79,
Norway,1997,San Francisco,Tor Endresen,24,0,
Norway,1996,I Evighet,Elisabeth Andreasson,2,114,
Norway,1995,Nocturne,Secret Garden,#1,148,
Norway,1994,Duett,Elisabeth Andreasson & Jan Werner Danielsen,6,76,
Norway,1993,Alle Mine Tankar,Silje Vige,5,120,
Norway,1992,Visjoner,Merethe Trøan,18,23,
Norway,1991,Mrs. Thompson,Just 4 Fun,17,14,
Norway,1990,Brandenburger Tor,Ketil Stokkan,21,8,
Norway,1989,Venners Nærhet,Britt Synnøve Johansen,17,30,
Norway,1988,For Vår Jord,Karoline Krüger,5,88,
Norway,1987,Mitt Liv,Kate Gulbrandsen,9,65,
Norway,1986,Romeo,Ketil Stokkan,12,44,
Norway,1985,La Det Swinge,Bobbysocks,#1,123,
Norway,1984,Lenge Leve Livet,Dollie de Luxe,17,29,
Norway,1983,Do Re Mi,Jahn Teigen,9,53,
Norway,1982,Adieu,Jahn Teigen & Anita Skorgan,12,40,
Norway,1981,Aldri i Livet,Finn Kalvik,20,0,
Norway,1980,Sámiid Ædnan,Sverre Kjellsberg & Mattis Hætta,16,15,
Norway,1979,Oliver,Anita Skorgan,11,57,
Norway,1978,Mil Etter Mil,Jahn Teigen,20,0,
Norway,1977,Casanova,Anita Skorgan,14,18,
Norway,1976,Mata Hari,Anne-Karine Ström,18,7,
Norway,1975,You Touched My Life With Summer,Ellen Nikolaysen,18,11,
Norway,1974,The First Day Of Love,Anne-Karine Ström and the Bendik Singers,14,3,
Norway,1973,It's Just A Game,Bendik Singers,7,89,
Norway,1972,Småting,Grethe Kausland & Benny Borg,14,73,
Norway,1971,Lykken Er...,Hanne Krogh,17,65,
Norway,1969,"Oj, Oj, Oj, Så Glad, Jeg Skal Bli",Kirsti Sparboe,16,1,
Norway,1968,Stress,Odd Børre,13,2,
Norway,1967,Dukkemann,Kirsti Sparboe,14,2,
Norway,1966,Intet Er Nytt Under Solen,Åse Kleveland,3,15,
Norway,1965,Karusell,Kirsti Sparboe,13,1,
Norway,1964,Spiral,Arne Bendiksen,8,6,
Norway,1963,Solhverv,Anita Thallaug,13,0,
Norway,1962,"Kom Sol, Kom Regn",Inger Jacobsen,10,2,
Norway,1961,Sommer i Palma,Nora Brockstedt,7,10,
Norway,1960,Voi-voi,Nora Brockstedt,4,11,
Montenegro,2022,Breathe,Vladana,Didn't qualify,,#17 in semi-final 2
Montenegro,2019,Heaven,D mol,Didn't qualify,,#16 in semi-final 1
Montenegro,2018,Inje,Vanja Radovanović,Didn't qualify,,#16 in semi-final 2
Montenegro,2017,Space,Slavko Kalezić,Didn't qualify,,#16 in semi-final 1
Montenegro,2016,The Real Thing,Highway,Didn't qualify,,#13 in semi-final 1
Montenegro,2015,Adio,Knez,13,44,#9 in semi-final 2
Montenegro,2014,Moj Svijet,Sergej Ćetković,19,37,#7 in semi-final 1
Montenegro,2013,Igranka,Who See,Didn't qualify,,#12 in semi-final 1
Montenegro,2012,Euro Neuro,Rambo Amadeus,Didn't qualify,,#15 in semi-final 1
Montenegro,2009,Just Get Out of My Life,Andrea Demirović,Didn't qualify,,#11 in semi-final 1
Montenegro,2008,Zauvijek Volim Te,Stefan Filipović,Didn't qualify,,#14 in semi-final 1
Montenegro,2007,Ajde Kroci,Stevan Faddy,Didn't qualify,,#22 in semi-final
Romania,2023,–,,–,–,semi-final
Romania,2022,Llámame,WRS,18,65,#9 in semi-final 2
Romania,2021,Amnesia,Roxen,Didn't qualify,,#12 in semi-final 1
Romania,2020,Alcohol You,Roxen,,,cancelled
Romania,2019,On a Sunday,Ester Peony,Didn't qualify,,#13 in semi-final 2
Romania,2018,Goodbye,The Humans,Didn't qualify,,#11 in semi-final 2
Romania,2017,Yodel It!,Ilinca feat. Alex Florea,7,282,#6 in semi-final 2
Romania,2015,De La Capăt / All Over Again,Voltaj,15,35,#5 in semi-final 1
Romania,2014,Miracle,Paula Seling & OVI,12,72,#2 in semi-final 2
Romania,2013,It's My Life,Cezar,13,65,#5 in semi-final 2
Romania,2012,Zaleilah,Mandinga,12,71,#3 in semi-final 1
Romania,2011,Change,Hotel FM,17,77,#4 in semi-final 2
Romania,2010,Playing With Fire,Paula Seling & Ovi,3,162,#4 in semi-final 2
Romania,2009,The Balkan Girls,Elena,19,40,#9 in semi-final 1
Romania,2008,Pe-o Margine De Lume,Nico & Vlad,20,45,#7 in semi-final 1
Romania,2007,"Liubi, Liubi, I Love You",Todomondo,13,84,Top-10 2006
Romania,2006,Tornero,Mihai Traistariu,4,172,Top-10 2005
Romania,2005,Let Me Try,Luminita Anghel & Sistem,3,158,#1 in semi-final
Romania,2004,I Admit,Sanda Ladosi,18,18,Top-10 2003
Romania,2003,Don't Break My Heart,Nicola,10,73,
Romania,2002,Tell Me Why,Monica Anghel & Marcel Pavel,9,71,
Romania,2000,The Moon,Taxi,17,25,
Romania,1998,Eu Cred,Malina Olinescu,22,6,
Romania,1996,Rugă pentru pacea lumii,Monica Anghel & Sincron,Didn't qualify,,#29 in qualification
Romania,1994,Dincolo De Nori,Dan Bittman,21,14,
Romania,1993,Nu pleca,Dida Drăgan,Didn't qualify,,#7 in qualification
Netherlands,2023,–,Mia Nicolai & Dion Cooper,–,–,semi-final
Netherlands,2022,De Diepte,S10,11,171,#2 in semi-final 1
Netherlands,2021,Birth Of A New Age,Jeangu Macrooy,23,11,winner 2019
Netherlands,2020,Grow,Jeangu Macrooy,,,cancelled
Netherlands,2019,Arcade,Duncan Laurence,#1,498,#1 in semi-final 2
Netherlands,2018,Outlaw In 'Em,Waylon,18,121,#7 in semi-final 2
Netherlands,2017,Lights And Shadows,OG3NE,11,150,#4 in semi-final 2
Netherlands,2016,Slow Down,Douwe Bob,11,153,#5 in semi-final 1
Netherlands,2015,Walk Along,Trijntje Oosterhuis,Didn't qualify,,#14 in semi-final 1
Netherlands,2014,Calm After The Storm,The Common Linnets,2,238,#1 in semi-final 1
Netherlands,2013,Birds,Anouk,9,114,#6 in semi-final 1
Netherlands,2012,You And Me,Joan Franka,Didn't qualify,,#15 in semi-final 2
Netherlands,2011,Never Alone,3JS,Didn't qualify,,#19 in semi-final 2
Netherlands,2010,Ik Ben Verliefd (Sha-la-lie),Sieneke,Didn't qualify,,#14 in semi-final 2
Netherlands,2009,Shine,The Toppers,Didn't qualify,,#17 in semi-final 2
Netherlands,2008,Your Heart Belongs To Me,Hind,Didn't qualify,,#13 in semi-final 1
Netherlands,2007,On Top Of The World,Edsilia Rombley,Didn't qualify,,#21 in semi-final
Netherlands,2006,Amambanda,Treble,Didn't qualify,,#20 in semi-final
Netherlands,2005,My Impossible Dream,Glennis Grace,Didn't qualify,,#14 in semi-final
Netherlands,2004,Without You,Re-union,20,11,#6 in semi-final
Netherlands,2003,One More Night,Esther Hart,13,45,
Netherlands,2001,Out On My Own,Michelle,18,16,
Netherlands,2000,No Goodbyes,Linda Wagenmakers,13,40,
Netherlands,1999,One Good Reason,Marlayne,8,71,
Netherlands,1998,Hemel En Aarde,Edsilia Rombley,4,150,
Netherlands,1997,Niemand Heeft Nog Tijd,Mrs. Einstein,22,5,
Netherlands,1996,De Eerste Keer,Maxine & Franklin Brown,7,78,#9 in qualification
Netherlands,1994,Waar Is De Zon,Willeke Alberti,23,4,
Netherlands,1993,Vrede,Ruth Jacott,6,92,
Netherlands,1992,Wijs Me De Weg,Humphrey Campbell,9,67,
Netherlands,1990,Ik Wil Alles Met Je Delen,Maywood,15,25,
Netherlands,1989,Blijf Zoals Je Bent,Justine Pelmelay,15,45,
Netherlands,1988,Shangri-la,Gerard Joling,9,70,
Netherlands,1987,Rechtop In De Wind,Marcha,5,83,
Netherlands,1986,Alles Heeft Ritme,Frizzle Sizzle,13,40,
Netherlands,1984,Ik Hou Van Jou,Maribelle,13,34,
Netherlands,1983,Sing Me A Song,Bernadette,7,66,
Netherlands,1982,Jij En Ik,Bill van Dijk,16,8,
Netherlands,1981,Het Is Een Wonder,Linda Williams,9,51,
Netherlands,1980,Amsterdam,Maggie MacNeal,5,93,
Netherlands,1979,Colorado,Xandra,12,51,
Netherlands,1978,'t Is Ok,Harmony,13,37,
Netherlands,1977,De Mallemolen,Heddy Lester,12,35,
Netherlands,1976,The Party's Over Now,Sandra Reemer,9,56,
Netherlands,1975,Ding-A-Dong,Teach-In,#1,152,
Netherlands,1974,I See A Star,Mouth & MacNeal,3,15,
Netherlands,1973,De Oude Muzikant,Ben Cramer,14,69,
Netherlands,1972,Als Het Om De Liefde Gaat,Sandra & Andres,4,106,
Netherlands,1971,De Tijd,Saskia and Serge,6,85,
Netherlands,1970,Waterman,Patricia & Hearts of Soul,7,7,
Netherlands,1969,De Troubadour,Lenny Kuhr,#1,18,
Netherlands,1968,Morgen,Ronnie Tober,16,1,
Netherlands,1967,Ring-dinge,Thérèse Steinmetz,14,2,
Netherlands,1966,Fernando En Philippo,Milly Scott,15,2,
Netherlands,1965,Het Is Genoeg,Conny Van den bos,11,5,
Netherlands,1964,Jij Bent Mijn Leven,Anneke Grönloh,10,2,
Netherlands,1963,Een Speeldoos,Annie Palmen,13,0,
Netherlands,1962,Katinka,De Spelbrekers,13,0,
Netherlands,1961,Wat Een Dag,Greetje Kauffeld,10,6,
Netherlands,1960,Wat Een Geluk,Rudi Carrell,12,2,
Netherlands,1959,Een Beetje,Teddy Scholten,#1,21,
Netherlands,1958,Heel De Wereld,Corry Brokken,9,1,
Netherlands,1957,Net Als Toen,Corry Brokken,#1,31,
Netherlands,1956,De Vogels Van Holland,Jetty Paerl,2,–,
Netherlands,1956,Voorgoed Voorbij,Corry Brokken,2,–,
Russia,2021,Russian Woman,Manizha,9,204,#3 in semi-final 1
Russia,2020,Uno,Little Big,,,cancelled
Russia,2019,Scream,Sergey Lazarev,3,370,#6 in semi-final 2
Russia,2018,I Won't Break,Julia Samoylova,Didn't qualify,,#15 in semi-final 2
Russia,2016,You Are the Only One,Sergey Lazarev,3,491,#1 in semi-final 1
Russia,2015,A Million Voices,Polina Gagarina,2,303,#1 in semi-final 1
Russia,2014,Shine,Tolmachevy Sisters,7,89,#6 in semi-final 1
Russia,2013,What If,Dina Garipova,5,174,#2 in semi-final 1
Russia,2012,Party For Everybody,Buranovskiye Babushki,2,259,#1 in semi-final 1
Russia,2011,Get You,Alexej Vorobjov,16,77,#9 in semi-final 1
Russia,2010,Lost And Forgotten,Peter Nalitch & Friends,11,90,#7 in semi-final 1
Russia,2009,Mamo,Anastasia Prikhodko,11,91,winner 2008
Russia,2008,Believe,Dima Bilan,#1,272,#3 in semi-final 1
Russia,2007,Song # 1,Serebro,3,207,Top-10 2006
Russia,2006,Never Let You Go,Dima Bilan,2,248,#3 in semi-final
Russia,2005,Nobody Hurt No One,Natalia Podolskaya,15,57,Top-10 2004
Russia,2004,Believe Me,Julia Savicheva,11,67,Top-10 2003
Russia,2003,"Ne Ver', Ne Boisia",t.A.T.u.,3,164,
Russia,2002,Northern Girl,Prime minister,10,55,
Russia,2001,Lady Alpine Blue,Mumiy troll,12,37,
Russia,2000,Solo,Alsou,2,155,
Russia,1997,Primadonna,Alla Pugachova,15,33,
Russia,1996,Ya eto ya,Andrey Kosinskiy,Didn't qualify,,#26 in qualification
Russia,1995,Kolybelnaya Dlya Vulkana,Philipp Kirkorov,17,17,
Russia,1994,Vechni Stranik,Youddiph,9,70,
Poland,2023,–,,–,–,semi-final
Poland,2022,River,Ochman,12,151,#6 in semi-final 2
Poland,2021,The Ride,Rafał,Didn't qualify,,#14 in semi-final 2
Poland,2020,Empires,Alicja,,,cancelled
Poland,2019,Pali się,Tulia,Didn't qualify,,#11 in semi-final 1
Poland,2018,Light Me Up,Gromee feat. Lukas Meijer,Didn't qualify,,#14 in semi-final 2
Poland,2017,Flashlight,Kasia Moś,22,64,#9 in semi-final 1
Poland,2016,Color of Your Life,Michał Szpak,8,229,#6 in semi-final 2
Poland,2015,In The Name Of Love,Monika Kuszyńska,23,10,#8 in semi-final 2
Poland,2014,My Słowianie - We Are Slavic,Donatan & Cleo,14,62,#8 in semi-final 2
Poland,2011,Jestem,Magdalena Tul,Didn't qualify,,#19 in semi-final 1
Poland,2010,Legenda,Marcin Mroziński,Didn't qualify,,#13 in semi-final 1
Poland,2009,I Don't Wanna Leave,Lidia Kopania,Didn't qualify,,#12 in semi-final 2
Poland,2008,For Life,Isis Gee,24,14,#10 in semi-final 1
Poland,2007,Time To Party,The Jet Set,Didn't qualify,,#14 in semi-final
Poland,2006,Follow My Heart,Ich Troje,Didn't qualify,,#11 in semi-final
Poland,2005,Czarna Dziewczyna,Ivan & Delfin,Didn't qualify,,#11 in semi-final
Poland,2004,Love Song,Blue Cafe,17,27,Top-10 2003
Poland,2003,Keine Grenzen - Zadnych Granic,Ich Troje,7,90,
Poland,2001,2 Long,Piasek,20,11,
Poland,1999,Przytul Mnie Mocno,Mietek Szczesniak,18,17,
Poland,1998,To Takie Proste,Sixteen,17,19,
Poland,1997,Ale Jestem,Anna Maria Jopek,11,54,
Poland,1996,Chce Znac Swój Grzech,Kasia Kowalska,15,31,#15 in qualification
Poland,1995,Sama,Justyna,18,15,
Poland,1994,To Nie Ja!,Edyta Górniak,2,166,
North Macedonia,2022,Circles,Andrea,Didn't qualify,,#11 in semi-final 2
North Macedonia,2021,Here I Stand,Vasil,Didn't qualify,,#15 in semi-final 1
North Macedonia,2020,You,Vasil,,,cancelled
North Macedonia,2019,Proud,Tamara Todevska,7,305,#2 in semi-final 2
North Macedonia,2018,Lost And Found,Eye Cue,Didn't qualify,,#18 in semi-final 1
North Macedonia,2017,Dance Alone,Jana Burčeska,Didn't qualify,,#15 in semi-final 2
North Macedonia,2016,Dona,Kaliopi,Didn't qualify,,#11 in semi-final 2
North Macedonia,2015,Autumn Leaves,Daniel Kajmakoski,Didn't qualify,,#15 in semi-final 1
North Macedonia,2014,To the Sky,Tijana,Didn't qualify,,#13 in semi-final 2
North Macedonia,2013,Pred Da Se Razdeni,Esma & Lozano,Didn't qualify,,#16 in semi-final 2
North Macedonia,2012,Crno I Belo,Kaliopi,13,71,#9 in semi-final 2
North Macedonia,2011,Rusinka,Vlatko Ilievski,Didn't qualify,,#16 in semi-final 2
North Macedonia,2010,Jas Ja Imam Silata,Gjoko Taneski,Didn't qualify,,#15 in semi-final 1
North Macedonia,2009,Neshto Shto Ke Ostane,Next Time,Didn't qualify,,#10 in semi-final 1
North Macedonia,2008,Let Me Love You,"Tamara, Vrčak & Adrijan",Didn't qualify,,#10 in semi-final 2
North Macedonia,2007,Mojot Svet,Karolina,14,73,#9 in semi-final
North Macedonia,2006,Ninanajna,Elena Risteska,12,56,#10 in semi-final
North Macedonia,2005,Make My Day,Martin Vucic,17,52,#9 in semi-final
North Macedonia,2004,Life,Tose Proeski,14,47,#10 in semi-final
North Macedonia,2002,Od Nas Zavisi,Karolina,19,25,
North Macedonia,2000,100% Te Ljubam,XXL,15,29,
North Macedonia,1998,"Ne Zori, Zoro",Vlado Janevski,19,16,
North Macedonia,1996,Samo ti,Kaliopi,Didn't qualify,,#26 in qualification
Portugal,2023,–,,–,–,semi-final
Portugal,2022,"Saudade, saudade",Maro,9,207,#4 in semi-final 1
Portugal,2021,Love Is On My Side,The Black Mamba,12,153,#4 in semi-final 2
Portugal,2020,Medo de sentir,Elisa,,,cancelled
Portugal,2019,Telemóveis,Conan Osíris,Didn't qualify,,#15 in semi-final 1
Portugal,2018,O Jardim,Cláudia Pascoal,26,39,winner 2017
Portugal,2017,Amar Pelos Dois,Salvador Sobral,#1,758,#1 in semi-final 1
Portugal,2015,Há um mar que nos Separa,Leonor Andrade,Didn't qualify,,#14 in semi-final 2
Portugal,2014,Quero Ser Tua,Suzy,Didn't qualify,,#11 in semi-final 1
Portugal,2012,Vida Minha,Filipa Sousa,Didn't qualify,,#13 in semi-final 2
Portugal,2011,Luta É Alegria,Homens Da Luta,Didn't qualify,,#18 in semi-final 1
Portugal,2010,Há Dias Assim,Filipa Azevedo,18,43,#4 in semi-final 1
Portugal,2009,Todas As Ruas Do Amor,Flor-de-lis,15,57,#8 in semi-final 1
Portugal,2008,Senhora Do Mar (Negras Águas),Vânia Fernandes,13,69,#2 in semi-final 2
Portugal,2007,Dança Comigo (vem Ser Feliz),Sabrina,Didn't qualify,,#11 in semi-final
Portugal,2006,Coisas De Nada,Nonstop,Didn't qualify,,#19 in semi-final
Portugal,2005,Amar,2B,Didn't qualify,,#17 in semi-final
Portugal,2004,Foi Magia,Sofia,Didn't qualify,,#15 in semi-final
Portugal,2003,Deixa-me Sonhar,Rita Guerra,22,13,
Portugal,2001,Só Sei Ser Feliz Assim,MTM,17,18,
Portugal,1999,Como Tudo Começou,Rui Bandeira,21,12,
Portugal,1998,Se Eu Te Pudesse Abraçar,Alma Lusa,12,36,
Portugal,1997,Antes Do Adeus,Célia Lawson,24,0,
Portugal,1996,O Meu Coração Não Tem Cor,Lúcia Moniz,6,92,#18 in qualification
Portugal,1995,Baunilha E Chocolate,Tó Cruz,21,5,
Portugal,1994,Chamar A Música,Sara Tavares,8,73,
Portugal,1993,A Cidade Até Ser Dia,Anabela,10,60,
Portugal,1992,Amor D'água Fresca,Diná,17,26,
Portugal,1991,Lusitana Paixão,Dulce,8,62,
Portugal,1990,Há Sempre Alguém,Nucha,20,9,
Portugal,1989,Conquistador,Da Vinci,16,39,
Portugal,1988,Voltarei,Dora,18,5,
Portugal,1987,Neste Barco à Vela,Nevada,18,15,
Portugal,1986,Não Sejas Mau Para Mim,Dora,14,28,
Portugal,1985,"Penso Em Ti, Eu Sei",Adelaïde,18,9,
Portugal,1984,Silêncio E Tanta Gente,Maria Guinot,11,38,
Portugal,1983,Esta Balada Que Te Dou,Armando Gama,13,33,
Portugal,1982,Bem-bom,Doce,13,32,
Portugal,1981,Play-back,Carlos Paião,18,9,
Portugal,1980,"Um Grande, Grande Amor",José Cid,7,71,
Portugal,1979,"Sobe, Sobe, Balão Sobe",Manuela Bravo,9,64,
Portugal,1978,Dai-li-dou,Gemini,17,5,
Portugal,1977,Portugal No Coração,Os Amigos,14,18,
Portugal,1976,Uma Flor De Verde Pinho,Carlos do Carmo,12,24,
Portugal,1975,Madrugada,Duarte Mendes,16,16,
Portugal,1974,E Depois Do Adeus,Paulo de Carvalho,14,3,
Portugal,1973,Tourada,Fernando Tordo,10,80,
Portugal,1972,A Festa Da Vida,Carlos Mendes,7,90,
Portugal,1971,Menina Do Alto Da Serra,Tonicha,9,83,
Portugal,1969,Desfolhada Portuguesa,Simone de Oliveira,15,4,
Portugal,1968,Verão,Carlos Mendes,11,5,
Portugal,1967,O Vento Mudou,Eduardo Nascimento,12,3,
Portugal,1966,Ele E Ela,Madalena Iglesias,13,6,
Portugal,1965,Sol De Inverno,Simone de Oliveira,13,1,
Portugal,1964,Oração,António Calvário,13,0,
San Marino,2023,–,,–,–,semi-final
San Marino,2022,Stripper,Achille Lauro,Didn't qualify,,#14 in semi-final 2
San Marino,2021,Adrenalina,Senhit feat. Flo Rida,22,50,#9 in semi-final 2
San Marino,2020,Freaky!,Senhit,,,cancelled
San Marino,2019,Say Na Na Na,Serhat,19,77,#8 in semi-final 1
San Marino,2018,Who We Are,Jessika feat. Jenifer Brening,Didn't qualify,,#17 in semi-final 2
San Marino,2017,Spirit Of The Night,Valentina Monetta & Jimmie Wilson,Didn't qualify,,#18 in semi-final 2
San Marino,2016,I Didn't Know,Serhat,Didn't qualify,,#12 in semi-final 1
San Marino,2015,Chain Of Lights,Michele Perniola & Anita Simoncini,Didn't qualify,,#16 in semi-final 2
San Marino,2014,Maybe (Forse),Valentina Monetta,24,14,#10 in semi-final 1
San Marino,2013,Crisalide (Vola),Valentina Monetta,Didn't qualify,,#11 in semi-final 2
San Marino,2012,The Social Network Song (Oh Oh – Uh - Oh Oh),Valentina Monetta,Didn't qualify,,#14 in semi-final 1
San Marino,2011,Stand By,Senit,Didn't qualify,,#16 in semi-final 1
San Marino,2008,Complice,Miodio,Didn't qualify,,#19 in semi-final 1
Slovakia,2012,Don't Close Your Eyes,Max Jason Mai,Didn't qualify,,#18 in semi-final 2
Slovakia,2011,I'm Still Alive,TWiiNS,Didn't qualify,,#13 in semi-final 2
Slovakia,2010,Horehronie,Kristina Pelakova,Didn't qualify,,#16 in semi-final 1
Slovakia,2009,Leť Tmou,Kamil Mikulčík & Nela Pocisková,Didn't qualify,,#18 in semi-final 2
Slovakia,1998,Modlitba,Katarína Hasprová,21,8,
Slovakia,1996,Kým Nás Máš,Marcel Palonder,18,19,#17 in qualification
Slovakia,1994,Nekonečná pieseň,Martin Ďurinda & Tublatanka,19,15,
Slovakia,1993,Amnestia Na Neveru,Elán,Didn't qualify,,#4 in qualification
Sweden,2023,–,,–,–,semi-final
Sweden,2022,Hold Me Closer,Cornelia Jakobs,4,438,#1 in semi-final 2
Sweden,2021,Voices,Tusse,14,109,#7 in semi-final 1
Sweden,2020,Move,The Mamas,,,cancelled
Sweden,2019,Too Late for Love,John Lundvik,5,334,#3 in semi-final 2
Sweden,2018,Dance You Off,Benjamin Ingrosso,7,274,#2 in semi-final 2
Sweden,2017,I Can't Go On,Robin Bengtsson,5,344,#3 in semi-final 1
Sweden,2016,If I Were Sorry,Frans,5,261,winner 2015
Sweden,2015,Heroes,Måns Zelmerlöw,#1,365,#1 in semi-final 2
Sweden,2014,Undo,Sanna Nielsen,3,218,#2 in semi-final 1
Sweden,2013,You,Robin Stjernberg,14,62,winner 2012
Sweden,2012,Euphoria,Loreen,#1,372,#1 in semi-final 2
Sweden,2011,Popular,Eric Saade,3,185,#1 in semi-final 2
Sweden,2010,This Is My Life,Anna Bergendahl,Didn't qualify,,#11 in semi-final 2
Sweden,2009,La Voix,Malena Ernman,21,33,#4 in semi-final 1
Sweden,2008,Hero,Charlotte Perrelli,18,47,#12 in semi-final 2
Sweden,2007,The Worrying Kind,The Ark,18,51,Top-10 2006
Sweden,2006,Invincible,Carola,5,170,#4 in semi-final
Sweden,2005,Las Vegas,Martin Stenmarck,19,30,Top-10 2004
Sweden,2004,It Hurts,Lena Philipsson,5,170,Top-10 2003
Sweden,2003,Give Me Your Love,Fame,5,107,
Sweden,2002,Never Let It Go,Afro-dite,8,72,
Sweden,2001,Listen To Your Heartbeat,Friends,5,100,
Sweden,2000,When Spirits Are Calling My Name,Roger Pontare,7,88,
Sweden,1999,Take Me To Your Heaven,Charlotte Nilsson,#1,163,
Sweden,1998,Kärleken är,Jill Johnson,10,53,
Sweden,1997,Bara Hon älskar Mig,Blond,14,36,
Sweden,1996,Den Vilda,One More Time,3,100,#1 in qualification
Sweden,1995,Se på mig,Jan Johansen,3,100,
Sweden,1994,Stjärnorna,Marie Bergman & Roger Pontare,13,48,
Sweden,1993,Eloïse,Arvingarna,7,89,
Sweden,1992,I Morgon är En Annan Dag,Christer Björkman,22,9,
Sweden,1991,Fångad Av En Stormvind,Carola,#1,146,
Sweden,1990,Som En Vind,Edin-Ådahl,16,24,
Sweden,1989,En Dag,Tommy Nilsson,4,110,
Sweden,1988,Stad I Ljus,Tommy Körberg,12,52,
Sweden,1987,Boogaloo,Lotta Engberg,12,50,
Sweden,1986,E' De' Det Här Du Kallar Kärlek,Lasse Holm & Monica Törnell,5,78,
Sweden,1985,Bra Vibrationer,Kikki Danielsson,3,103,
Sweden,1984,Diggi-loo Diggy-ley,Herrey's,#1,145,
Sweden,1983,Främling,Carola Häggkvist,3,126,
Sweden,1982,Dag Efter Dag,Chips,8,67,
Sweden,1981,Fångad I En Dröm,Björn Skifs,10,50,
Sweden,1980,Just Nu!,Tomas Ledin,10,47,
Sweden,1979,Satellit,Ted Gärdestad,17,8,
Sweden,1978,Det Blir Alltid Värre Framåt Natten,Björn Skifs,14,26,
Sweden,1977,Beatles,Forbes,18,2,
Sweden,1975,"Jennie, Jennie",Lars Berghagen and the Dolls,8,72,
Sweden,1974,Waterloo,ABBA,#1,24,
Sweden,1973,You're Summer,The Nova and The Dolls,5,94,
Sweden,1972,Härliga Sommardag,Family Four,13,75,
Sweden,1971,Vita Vidder,Family Four,6,85,
Sweden,1969,"Judy, Min Vän",Tommy Körberg,9,8,
Sweden,1968,"Det Börjar Verka Kärlek, Banne Mej",Claes-Göran Hederström,5,15,
Sweden,1967,Som En Dröm,Östen Warnerbring,8,7,
Sweden,1966,Nygammal Vals,Lill Lindfors & Svante Thuresson,2,16,
Sweden,1965,Absent Friend,Ingvar Wixell,10,6,
Sweden,1963,En Gång I Stockholm,Monica Zetterlund,13,0,
Sweden,1962,Sol Och Vår,Inger Berggren,7,4,
Sweden,1961,"April, April",Lill-Babs,14,2,
Sweden,1960,Alla Andra Får Varann,Siw Malmkvist,10,4,
Sweden,1959,Augustin,Brita Borg,9,4,
Sweden,1958,Lilla Stjärna,Alice Babs,4,10,
Slovenia,2023,–,,–,–,semi-final
Slovenia,2022,Disko,LPS,Didn't qualify,,#17 in semi-final 1
Slovenia,2021,Amen,Ana Soklič,Didn't qualify,,#13 in semi-final 1
Slovenia,2020,Voda,Ana Soklič,,,cancelled
Slovenia,2019,Sebi,Zala Kralj & Gašper Šantl,15,105,#6 in semi-final 1
Slovenia,2018,"Hvala, ne!",Lea Sirk,22,64,#8 in semi-final 2
Slovenia,2017,On My Way,Omar Naber,Didn't qualify,,#17 in semi-final 1
Slovenia,2016,Blue and Red,ManuElla,Didn't qualify,,#14 in semi-final 2
Slovenia,2015,Here for You,Maraaya,14,39,#5 in semi-final 2
Slovenia,2014,Round and Round,Tinkara Kovač,25,9,#10 in semi-final 2
Slovenia,2013,Straight Into Love,Hannah,Didn't qualify,,#16 in semi-final 1
Slovenia,2012,Verjamem,Eva Boto,Didn't qualify,,#17 in semi-final 2
Slovenia,2011,No One,Maja Keuc,13,96,#3 in semi-final 2
Slovenia,2010,Narodnozabavni Rock,Ansambel Žlindra & Kalamari,Didn't qualify,,#16 in semi-final 2
Slovenia,2009,Love Symphony,Quartissimo feat. Martina,Didn't qualify,,#16 in semi-final 2
Slovenia,2008,Vrag Naj Vzame,Rebeka Dremelj,Didn't qualify,,#11 in semi-final 1
Slovenia,2007,Cvet Z Juga,Alenka Gotar,15,66,#7 in semi-final
Slovenia,2006,Mr. Nobody,Anžej Dežan,Didn't qualify,,#16 in semi-final
Slovenia,2005,Stop,Omar Naber,Didn't qualify,,#12 in semi-final
Slovenia,2004,Stay Forever,Platin,Didn't qualify,,#21 in semi-final
Slovenia,2003,Nanana,Karmen,23,7,
Slovenia,2002,Samo Ljubezen,Sestre,13,33,
Slovenia,2001,Energy,Nuša Derenda,7,70,
Slovenia,1999,For A Thousand Years,Darja Svajger,11,50,
Slovenia,1998,Naj Bogovi Slišijo,Vili Resnik,18,17,
Slovenia,1997,Zbudi Se,Tanja Ribič,10,60,
Slovenia,1996,Dan najlepših sanj,Regina,21,16,#19 in qualification
Slovenia,1995,Prisluhni Mi,Darja Svajger,7,84,
Slovenia,1993,Tih deževen dan,1X Band,22,9,#1 in qualification
Spain,2023,–,,–,–,Big 5
Spain,2022,SloMo,Chanel,3,459,Big 5
Spain,2021,Voy A Quedarme,Blas Cantó,24,6,Big 5
Spain,2020,Universo,Blas Cantó,,,cancelled
Spain,2019,La Venda,Miki,22,54,Big 5
Spain,2018,Tu Canción,Amaia & Alfred,23,61,Big 5
Spain,2017,Do It for Your Lover,Manel Navarro,26,5,Big 5
Spain,2016,Say Yay!,Barei,22,77,Big 5
Spain,2015,Amanecer,Edurne,21,15,Big 5
Spain,2014,Dancing in the rain,Ruth Lorenzo,10,74,Big 5
Spain,2013,Contigo Hasta El Final,ESDM,25,8,Big 5
Spain,2012,Quédate Conmigo,Pastora Soler,10,97,Big 5
Spain,2011,Que Me Quiten Lo Bailao,Lucía Pérez,23,50,Big 5
Spain,2010,Algo Pequeñito,Daniel Diges,15,68,Big 4
Spain,2009,La Noche Es Para Mí,Soraya,24,23,Big 4
Spain,2008,Baila El Chiki Chiki,Rodolfo Chikilicuatre,16,55,Big 4
Spain,2007,I Love You Mi Vida,NASH,20,43,Big 4
Spain,2006,Bloody Mary,Las Ketchup,21,18,Big 4
Spain,2005,Brujería,Son de sol,21,28,Big 4
Spain,2004,Para Llenarme De Ti,Ramón,10,87,Big 4
Spain,2003,Dime,Beth,8,81,
Spain,2002,Europe's Living A Celebration,Rosa,7,81,
Spain,2001,Dile Que La Quiero,David Civera,6,76,
Spain,2000,Colgado De Un Sueño,Serafín Zubiri,18,18,
Spain,1999,No Quiero Escuchar,Lydia,23,1,
Spain,1998,¿Qué Voy A Hacer Sin Ti?,Mikel Herzog,16,21,
Spain,1997,Sin Rencor,Marcos Llunas,6,96,
Spain,1996,"¡Ay, Qué Deseo!",Antonio Carbonell,20,17,#14 in qualification
Spain,1995,Vuelve Conmigo,Anabel Conde,2,119,
Spain,1994,Ella No Es Ella,Alejandro Abad,18,17,
Spain,1993,Hombres,Eva Santamaria,11,58,
Spain,1992,Todo Esto Es La Música,Serafin,14,37,
Spain,1991,Bailar Pegados,Sergio Dalma,4,119,
Spain,1990,Bandido,Azúcar Moreno,5,96,
Spain,1989,Nacida Para Amar,Nina,6,88,
Spain,1988,La Chica Que Yo Quiero (made In Spain),La Década,11,58,
Spain,1987,No Estás Solo,Patricia Kraus,19,10,
Spain,1986,Valentino,Cadillac,10,51,
Spain,1985,La Fiesta Terminó,Paloma San Basilio,14,36,
Spain,1984,"Lady, Lady",Bravo,3,106,
Spain,1983,¿Quién Maneja Mi Barca?,Remedios Amaya,19,0,
Spain,1982,Él,Lucía,10,52,
Spain,1981,Y Solo Tú,Bacchelli,14,38,
Spain,1980,Quédate Esta Noche,Trigo Limpio,12,38,
Spain,1979,Su Canción,Betty Missiego,2,116,
Spain,1978,Bailemos Un Vals,José Vélez,9,65,
Spain,1977,Enseñame A Cantar,Micky,9,52,
Spain,1976,Sobran Las Palabras,Braulio,16,11,
Spain,1975,Tú Volverás,Sergio & Estíbaliz,10,53,
Spain,1974,Canta Y Se Feliz,Peret,9,10,
Spain,1973,Eres Tú,Mocedades,2,125,
Spain,1972,Amanece,Jaime Morey,10,83,
Spain,1971,En Un Mundo Nuevo,Karina,2,116,
Spain,1970,Gwendolyne,Julio Iglesias,4,8,
Spain,1969,Vivo Cantando,Salomé,#1,18,
Spain,1968,"La, La, La...",Massiel,#1,29,
Spain,1967,Hablemos Del Amor,Raphael,6,9,
Spain,1966,Yo Soy Aquél,Raphael,7,9,
Spain,1965,"Qué Bueno, Qué Bueno",Conchita Bautista,15,0,
Spain,1964,Caracola,"Tim, Nelly and Tony",12,1,
Spain,1963,Algo Prodigioso,José Guardiola,12,2,
Spain,1962,Llámame,Victor Balaguer,13,0,
Spain,1961,Estando Contigo,Conchita Bautista,9,8,
Serbia,2023,–,,–,–,semi-final
Serbia,2022,In Corpore Sano,Konstrakta,5,312,#3 in semi-final 2
Serbia,2021,Loco Loco,Hurricane,15,102,#8 in semi-final 2
Serbia,2020,Hasta la vista,Hurricane,,,cancelled
Serbia,2019,Kruna,Nevena Božović,18,89,#7 in semi-final 1
Serbia,2018,Nova Deca,Sanja Ilić & Balkanika,19,113,#9 in semi-final 2
Serbia,2017,In Too Deep,Tijana Bogićević,Didn't qualify,,#11 in semi-final 2
Serbia,2016,Goodbye (Shelter),Sanja Vučić ZAA,18,115,#10 in semi-final 2
Serbia,2015,Beauty Never Lies,Bojana Stamenov,10,53,#9 in semi-final 1
Serbia,2013,Ljubav Je Svuda,Moje 3,Didn't qualify,,#11 in semi-final 1
Serbia,2012,Nije Ljubav Stvar,Željko Joksimović,3,214,#2 in semi-final 2
Serbia,2011,Čaroban,Nina,14,85,#8 in semi-final 1
Serbia,2010,Ovo Je Balkan,Milan Stanković,13,72,#5 in semi-final 1
Serbia,2009,Cipela,Marko Kon & Milaan,Didn't qualify,,#10 in semi-final 2
Serbia,2008,Oro,Jelena Tomašević feat. Bora Dugic,6,160,winner 2007
Serbia,2007,Molitva,Marija Šerifović,#1,268,#1 in semi-final
Yugoslavia,1992,Ljubim Te Pesmama,Extra Nena,13,44,
Yugoslavia,1991,Brazil,Baby Doll,21,1,
Yugoslavia,1990,Hajde Da Ludujemo,Tajci,7,81,
Yugoslavia,1989,Rock Me,Riva,#1,137,
Yugoslavia,1988,Mangup,Srebrna Krila,6,87,
Yugoslavia,1987,Ja Sam Za Ples,Novi Fosili,4,92,
Yugoslavia,1986,Željo Moja,Doris Dragović,11,49,
Yugoslavia,1984,Ciao Amore,Vlado and Isolda,18,26,
Yugoslavia,1983,Dzuli,Danijel,4,125,
Yugoslavia,1982,Halo Halo,Aska,14,21,
Yugoslavia,1981,Leila,Seid-Memic Vajta,15,35,
Yugoslavia,1976,Ne Mogu Skriti Svoju Bol,Ambasadori,17,10,
Yugoslavia,1975,Dan Ljubezni,Pepel In Kri,13,22,
Yugoslavia,1974,Moja Generacija,Korni,12,6,
Yugoslavia,1973,Gori Vatra,Zdravko Colic,15,65,
Yugoslavia,1972,Muzika I Ti,Tereza,9,87,
Yugoslavia,1971,Tvoj Djecak Je Tuzan,Krunoslav Slabinac,14,68,
Yugoslavia,1970,"Pridi, Dala Ti Bom Cvet",Eva Sršen,11,4,
Yugoslavia,1969,Pozdrav Svijetu,Ivan & M's,13,5,
Yugoslavia,1968,Jedan Dan,Luci Kapurso & Hamo Hajdarhodzic,7,8,
Yugoslavia,1967,Vse Rože Sveta,Lado Leskovar,8,7,
Yugoslavia,1966,Brez Besed,Berta Ambroz,7,9,
Yugoslavia,1965,Ceznja,Vice Vukov,12,2,
Yugoslavia,1964,Život je sklopio krug,Sabahudin Kurt,13,0,
Yugoslavia,1963,Brodovi,Vice Vukov,11,3,
Yugoslavia,1962,Ne Pali Svetlo U Sumrak,Lola Novaković,4,10,
Yugoslavia,1961,Neke Davne Zvezde,Ljiljana Petrović,8,9,
United Kingdom,2023,–,,–,–,Big 5
United Kingdom,2022,Space Man,Sam Ryder,2,466,Big 5
United Kingdom,2021,Embers,James Newman,26,0,Big 5
United Kingdom,2020,My Last Breath,James Newman,,,cancelled
United Kingdom,2019,Bigger Than Us,Michael Rice,26,11,Big 5
United Kingdom,2018,Storm,SuRie,24,48,Big 5
United Kingdom,2017,Never Give Up on You,Lucie Jones,15,111,Big 5
United Kingdom,2016,You're Not Alone,Joe & Jake,24,62,Big 5
United Kingdom,2015,Still in Love with You,Electro Velvet,24,5,Big 5
United Kingdom,2014,Children of the Universe,Molly,17,40,Big 5
United Kingdom,2013,Believe In Me,Bonnie Tyler,19,23,Big 5
United Kingdom,2012,Love Will Set You Free,Engelbert Humperdinck,25,12,Big 5
United Kingdom,2011,I Can,Blue,11,100,Big 5
United Kingdom,2010,That Sounds Good To Me,Josh,25,10,Big 4
United Kingdom,2009,It's My Time,Jade Ewen,5,173,Big 4
United Kingdom,2008,Even If,Andy Abraham,25,14,Big 4
United Kingdom,2007,Flying The Flag (for You),Scooch,22,19,Big 4
United Kingdom,2006,Teenage Life,Daz Sampson,19,25,Big 4
United Kingdom,2005,Touch My Fire,Javine,22,18,Big 4
United Kingdom,2004,Hold On To Our Love,James Fox,16,29,Big 4
United Kingdom,2003,Cry Baby,Jemini,26,0,
United Kingdom,2002,Come Back,Jessica Garlick,3,111,
United Kingdom,2001,No Dream Impossible,Lindsay D.,15,28,
United Kingdom,2000,Don't Play That Song Again,Nicki French,16,28,
United Kingdom,1999,Say It Again,Precious,12,38,
United Kingdom,1998,Where Are You?,Imaani,2,166,
United Kingdom,1997,Love Shine A Light,Katrina and The Waves,#1,227,
United Kingdom,1996,Ooh...Aah...Just A Little Bit,Gina G,8,77,#3 in qualification
United Kingdom,1995,Love City Groove,Love City Groove,10,76,
United Kingdom,1994,We Will Be Free (Lonely Symphony),Frances Ruffelle,10,63,
United Kingdom,1993,Better The Devil You Know,Sonia,2,164,
United Kingdom,1992,One Step Out Of Time,Michael Ball,2,139,
United Kingdom,1991,A Message To Your Heart,Samantha Janus,10,47,
United Kingdom,1990,Give A Little Love Back To The World,Emma,6,87,
United Kingdom,1989,Why Do I Always Get It Wrong,Live Report,2,130,
United Kingdom,1988,Go,Scott Fitzgerald,2,136,
United Kingdom,1987,Only The Light,Rikki,13,47,
United Kingdom,1986,Runner In The Night,Ryder,7,72,
United Kingdom,1985,Love Is...,Vikki,4,100,
United Kingdom,1984,Love Games,Belle and the Devotions,7,63,
United Kingdom,1983,I'm Never Giving Up,Sweet Dreams,6,79,
United Kingdom,1982,One Step Further,Bardo,7,76,
United Kingdom,1981,Making Your Mind Up,Bucks Fizz,#1,136,
United Kingdom,1980,Love Enough For Two,Prima Donna,3,106,
United Kingdom,1979,Mary Ann,Black Lace,7,73,
United Kingdom,1978,The Bad Old Days,Co-Co,11,61,
United Kingdom,1977,Rock Bottom,Lynsey de Paul & Mike Moran,2,121,
United Kingdom,1976,Save Your Kisses For Me,Brotherhood of Man,#1,164,
United Kingdom,1975,Let Me Be The One,The Shadows,2,138,
United Kingdom,1974,Long Live Love,Olivia Newton-John,4,14,
United Kingdom,1973,Power To All Our Friends,Cliff Richard,3,123,
United Kingdom,1972,"Beg, Steal or Borrow",The New Seekers,2,114,
United Kingdom,1971,Jack In The Box,Clodagh Rodgers,4,98,
United Kingdom,1970,"Knock, Knock (who's there?)",Mary Hopkin,2,26,
United Kingdom,1969,Boom Bang-a-bang,Lulu,#1,18,
United Kingdom,1968,Congratulations,Cliff Richard,2,28,
United Kingdom,1967,Puppet On A String,Sandie Shaw,#1,47,
United Kingdom,1966,A Man Without Love,Kenneth McKellar,9,8,
United Kingdom,1965,I Belong,Kathy Kirby,2,26,
United Kingdom,1964,I Love The Little Things,Matt Monro,2,17,
United Kingdom,1963,Say Wonderful Things,Ronnie Carroll,4,28,
United Kingdom,1962,Ring-a-ding Girl,Ronnie Carroll,4,10,
United Kingdom,1961,Are You Sure?,The Allisons,2,24,
United Kingdom,1960,"Looking High, High, High",Bryan Johnson,2,25,
United Kingdom,1959,Sing Little Birdie,Pearl Carr & Teddy Johnson,2,16,
United Kingdom,1957,All,Patricia Bredin,7,6,
Switzerland,2023,–,,–,–,semi-final
Switzerland,2022,Boys Do Cry,Marius Bear,17,78,#9 in semi-final 1
Switzerland,2021,Tout l'univers,Gjon's Tears,3,432,#1 in semi-final 2
Switzerland,2020,Répondez-moi,Gjon's Tears,,,cancelled
Switzerland,2019,She Got Me,Luca Hänni,4,364,#4 in semi-final 2
Switzerland,2018,Stones,Zibbz,Didn't qualify,,#13 in semi-final 1
Switzerland,2017,Apollo,Timebelle,Didn't qualify,,#12 in semi-final 2
Switzerland,2016,The Last of Our Kind,Rykka,Didn't qualify,,#18 in semi-final 2
Switzerland,2015,Time To Shine,Mélanie René,Didn't qualify,,#17 in semi-final 2
Switzerland,2014,Hunter Of Stars,Sebalter,13,64,#4 in semi-final 2
Switzerland,2013,You And Me,Takasa,Didn't qualify,,#13 in semi-final 2
Switzerland,2012,Unbreakable,Sinplus,Didn't qualify,,#11 in semi-final 1
Switzerland,2011,In Love For A While,Anna Rossinelli,25,19,#10 in semi-final 1
Switzerland,2010,Il Pleut de L'Or,Michael von der Heide,Didn't qualify,,#17 in semi-final 2
Switzerland,2009,The Highest Heights,Lovebugs,Didn't qualify,,#14 in semi-final 1
Switzerland,2008,Era Stupendo,Paolo Meneguzzi,Didn't qualify,,#13 in semi-final 2
Switzerland,2007,Vampires Are Alive,DJ BoBo,Didn't qualify,,#20 in semi-final
Switzerland,2006,If We All Give A Little,Six4One,16,30,Top-10 2005
Switzerland,2005,Cool Vibes,Vanilla Ninja,8,128,#8 in semi-final
Switzerland,2004,Celebrate,Piero Esteriore & the MusicStars,Didn't qualify,,#22 in semi-final
Switzerland,2002,Dans Le Jardin De Mon Âme,Francine Jordi,22,15,
Switzerland,2000,La Vita Cos'è?,Jane Bogaert,20,14,
Switzerland,1998,Lass Ihn,Gunvor,25,0,
Switzerland,1997,Dentro Di Me,Barbara Berta,22,5,
Switzerland,1996,Mon Coeur L'aime,Cathy Leander,16,22,#8 in qualification
Switzerland,1994,Sto Pregando,Duilio,19,15,
Switzerland,1993,"Moi, Tout Simplement",Annie Cotton,3,148,
Switzerland,1992,Mister Music Man,Daisy Auvray,15,32,
Switzerland,1991,Canzone Per Te,Sandra Simó,5,118,
Switzerland,1990,Musik Klingt In Die Welt Hinaus,Egon Egemann,11,51,
Switzerland,1989,Viver Senza Tei,Furbaz,13,47,
Switzerland,1988,Ne Partez Pas Sans Moi,Céline Dion,#1,137,
Switzerland,1987,Moitié Moitié,Carole Rich,17,26,
Switzerland,1986,Pas Pour Moi,Daniela Simons,2,140,
Switzerland,1985,Piano Piano,Mariella Farré & Pino Gasparini,12,39,
Switzerland,1984,Welche Farbe Hat Der Sonnenschein,Rainy Day,16,30,
Switzerland,1983,Io Così Non Ci Sto,Mariella Farré,15,28,
Switzerland,1982,Amour On T'aime,Arlette Zola,3,97,
Switzerland,1981,Io Senza Tei,"Peter, Sue & Marc",4,121,
Switzerland,1980,Cinéma,Paola,4,104,
Switzerland,1979,Trödler Und Co.,"Peter, Sue & Marc and Pfuri, Gorps & Kniri",10,60,
Switzerland,1978,Vivre,Carole Vinci,9,65,
Switzerland,1977,Swiss Lady,Pepe Lienhard Band,6,71,
Switzerland,1976,"Djambo, Djambo","Peter, Sue & Marc",4,91,
Switzerland,1975,Mikado,Simone Drexel,6,77,
Switzerland,1974,Mein Ruf Nach Dir,Piera Martell,14,3,
Switzerland,1973,"Je vais me marier, Marie",Patrick Juvet,12,79,
Switzerland,1972,C'est La Chanson De Mon Amour,Véronique Müller,8,88,
Switzerland,1971,Les Illusions De Nos Vingt Ans,"Peter, Sue and Marc",12,78,
Switzerland,1970,Retour,Henri Dès,4,8,
Switzerland,1969,"Bonjour, Bonjour",Paola del Medico,5,13,
Switzerland,1968,Guardando Il Sole,Gianni Mascolo,13,2,
Switzerland,1967,Quel Cœur Vas-tu Briser?,Géraldine,17,0,
Switzerland,1966,Ne Vois-tu Pas?,Madeleine Pascal,6,12,
Switzerland,1965,Non à Jamais Sans Toi,Yovanna,8,8,
Switzerland,1964,I Miei Pensieri,Anita Traversi,13,0,
Switzerland,1963,T'en Va Pas,Esther Ofarim,2,40,
Switzerland,1962,Le Retour,Jean Philippe,10,2,
Switzerland,1961,Nous Aurons Demain,Franca di Rienzo,3,16,
Switzerland,1960,Cielo E Terra,Anita Traversi,8,5,
Switzerland,1959,Irgendwoher,Christa Williams,4,14,
Switzerland,1958,Giorgio,Lys Assia,2,24,
Switzerland,1957,L'enfant Que J'étais,Lys Assia,8,5,
Switzerland,1956,Das Alte Karussell,Lys Assia,2,–,
Switzerland,1956,Refrain,Lys Assia,#1,–,
Turkey,2012,Love Me Back,Can Bonomo,7,112,#5 in semi-final 2
Turkey,2011,Live It Up,Yüksek Sadakat,Didn't qualify,,#13 in semi-final 1
Turkey,2010,We Could Be The Same,maNga,2,170,#1 in semi-final 2
Turkey,2009,Düm Tek Tek,Hadise,4,177,#2 in semi-final 1
Turkey,2008,Deli,Mor ve Ötesi,7,138,#7 in semi-final 2
Turkey,2007,Shake It Up Shekerim,Kenan Dogulu,4,163,#3 in semi-final
Turkey,2006,Superstar,Sibel Tüzün,11,91,#8 in semi-final
Turkey,2005,Rimi Rimi Ley,Gülseren,13,92,Top-10 2004
Turkey,2004,For Real,Athena,4,195,winner 2003
Turkey,2003,Everyway That I Can,Sertab Erener,#1,167,
Turkey,2002,Leylaklar Soldu Kalbinde,Buket Bengisu & Saphire,16,29,
Turkey,2001,Sevgiliye Son,Sedat Yüce,11,41,
Turkey,2000,Yorgunum Anla,Pınar Ayhan & S.O.S. band,10,59,
Turkey,1999,Dön Artık,Tuba Önal & Mystik,16,21,
Turkey,1998,Unutamazsin,Tüzmen,14,25,
Turkey,1997,Dinle,Şebnem Paker & Etnic,3,121,
Turkey,1996,Beşinci Mevsim,Şebnem Paker,12,57,#7 in qualification
Turkey,1995,Sev!,Arzu Ece,16,21,
Turkey,1993,Esmer Yarim,"Burak Aydos, Baybora & Serter Öztürk",21,10,
Turkey,1992,Yaz Bitti,Aylin Vatankoş,19,17,
Turkey,1991,İki Dakika,"İzel Çeliköz, Reyhan Karaca & Can Uğurluer",12,44,
Turkey,1990,Gözlerinin Hapsindeyim,Kayahan,17,21,
Turkey,1989,Bana Bana,Pan,21,5,
Turkey,1988,Sufi,MFÖ,15,37,
Turkey,1987,Şarkım sevgi üstüne,Seyyal Taner & Lokomotif,22,0,
Turkey,1986,Halley,Klips & Onlar,9,53,
Turkey,1985,Di Dai Di Dai Dai (Aşık oldum),MFÖ,14,36,
Turkey,1984,Halay,"Bes Yil Önce, On Yil Sonra",12,37,
Turkey,1983,Opera,Çetin Alp and the Short Wave,19,0,
Turkey,1982,Hani,Neco,15,20,
Turkey,1981,Dönme Dolap,Modern Folk Trio & Ayşegül,18,9,
Turkey,1980,Petr'oil,Ajda Pekkan,15,23,
Turkey,1978,Sevince,Nazar,18,2,
Turkey,1975,Seninle Bir Dakika,Semiha Yankı,19,3,
Ukraine,2023,–,,–,–,winner 2022
Ukraine,2022,Stefania,Kalush Orchestra,#1,631,#1 in semi-final 1
Ukraine,2021,Shum,Go_A,5,364,#2 in semi-final 1
Ukraine,2020,Solovey,Go_A,,,cancelled
Ukraine,2018,Under the Ladder,Mélovin,17,130,#6 in semi-final 2
Ukraine,2017,Time,O.Torvald,24,36,winner 2016
Ukraine,2016,1944,Jamala,#1,534,#2 in semi-final 2
Ukraine,2014,Tick - Tock,Mariya Yaremchuk,6,113,#5 in semi-final 1
Ukraine,2013,Gravity,Zlata Ognevich,3,214,#3 in semi-final 1
Ukraine,2012,Be My Guest,Gaitana,15,65,#8 in semi-final 2
Ukraine,2011,Angel,Mika Newton,4,159,#6 in semi-final 2
Ukraine,2010,Sweet People,Alyosha,10,108,#7 in semi-final 2
Ukraine,2009,Be my Valentine! (Anti-crisis Girl),Svetlana Loboda,12,76,#6 in semi-final 2
Ukraine,2008,Shady Lady,Ani Lorak,2,230,#1 in semi-final 2
Ukraine,2007,Dancing Lasha Tumbai,Verka Serduchka,2,235,Top-10 2006
Ukraine,2006,Show Me Your Love,Tina Karol,7,145,#7 in semi-final
Ukraine,2005,Razom Nas Bahato,Greenjolly,19,30,winner 2004
Ukraine,2004,Wild Dances,Ruslana,#1,280,#2 in semi-final
Ukraine,2003,Hasta La Vista,Olexandr,14,30,
